,bank,company,2021,2022,2023,2024,company_gogel_id
130,HSBC,Abu Dhabi National Oil Company (ADNOC),400.0,,22.0,427.0,100012
455,JPMorgan Chase,Antero Resources Corporation,397.0,,,244.0,100040
456,Citigroup,Antero Resources Corporation,268.0,,,106.0,100040
457,Bank of America,Antero Resources Corporation,168.0,,,106.0,100040
458,Mizuho Financial,Antero Resources Corporation,104.0,,,106.0,100040
459,Wells Fargo,Antero Resources Corporation,397.0,,,244.0,100040
460,Royal Bank of Canada,Antero Resources Corporation,268.0,,,106.0,100040
461,SMBC Group,Antero Resources Corporation,17.0,,,106.0,100040
462,Barclays,Antero Resources Corporation,268.0,,,106.0,100040
464,CIBC,Antero Resources Corporation,120.0,250.0,,106.0,100040
465,Truist Financial,Antero Resources Corporation,220.0,250.0,,106.0,100040
466,PNC Financial Services,Antero Resources Corporation,,,,106.0,100040
467,Crédit Agricole,Antero Resources Corporation,164.0,,,,100040
468,UBS,Antero Resources Corporation,17.0,,,,100040
469,US Bancorp,Antero Resources Corporation,17.0,,,106.0,100040
470,Capital One Financial,Antero Resources Corporation,17.0,,,,100040
591,Bank of America,Chesapeake Energy Corporation,1266.0,449.0,,351.0,100046
594,Wells Fargo,Chesapeake Energy Corporation,1327.0,449.0,,303.0,100046
595,Royal Bank of Canada,Chesapeake Energy Corporation,1130.0,449.0,,293.0,100046
597,Barclays,Chesapeake Energy Corporation,213.0,,,,100046
604,Truist Financial,Chesapeake Energy Corporation,317.0,449.0,,293.0,100046
605,PNC Financial Services,Chesapeake Energy Corporation,384.0,449.0,,303.0,100046
690,JPMorgan Chase,Hess Corporation,265.0,265.0,,,100062
691,Citigroup,Hess Corporation,265.0,265.0,,,100062
692,Bank of America,Hess Corporation,105.0,104.0,,,100062
693,Mitsubishi UFJ Financial,Hess Corporation,265.0,265.0,,,100062
694,Mizuho Financial,Hess Corporation,265.0,265.0,,,100062
695,Wells Fargo,Hess Corporation,166.0,165.0,,,100062
696,SMBC Group,Hess Corporation,265.0,265.0,,,100062
697,Scotiabank,Hess Corporation,166.0,165.0,,,100062
698,Toronto-Dominion Bank,Hess Corporation,166.0,165.0,,,100062
699,Goldman Sachs,Hess Corporation,265.0,265.0,,,100062
700,Morgan Stanley,Hess Corporation,265.0,265.0,,,100062
701,Bank of China,Hess Corporation,62.0,62.0,,,100062
702,BNP Paribas,Hess Corporation,166.0,,,,100062
703,Truist Financial,Hess Corporation,166.0,165.0,,,100062
704,Crédit Agricole,Hess Corporation,105.0,,,,100062
705,US Bancorp,Hess Corporation,105.0,104.0,,,100062
707,Banco Bilbao Vizcaya Argentaria (BBVA),Hess Corporation,105.0,104.0,,,100062
731,China Merchants Bank,Shaanxi Yanchang Petroleum (Group) Co Ltd,484.0,304.0,377.0,322.0,100072
732,China Merchants Bank,Shaanxi Yanchang Petroleum (Group) Co Ltd,76.0,62.0,29.0,204.0,100072
735,Shanghai Pudong Development Bank,Shaanxi Yanchang Petroleum (Group) Co Ltd,829.0,109.0,,53.0,100072
736,Shanghai Pudong Development Bank,Shaanxi Yanchang Petroleum (Group) Co Ltd,,62.0,29.0,,100072
866,JPMorgan Chase,Murphy Oil Corporation,66.0,110.0,,294.0,100100
867,Bank of America,Murphy Oil Corporation,138.0,110.0,,231.0,100100
869,Wells Fargo,Murphy Oil Corporation,50.0,,,,100100
1155,JPMorgan Chase,NGP Energy Capital Management LLC,,,295.0,,101016
1156,Citigroup,NGP Energy Capital Management LLC,,,5.0,,101016
1157,Bank of America,NGP Energy Capital Management LLC,,,5.0,,101016
1159,Wells Fargo,NGP Energy Capital Management LLC,,,5.0,,101016
1160,Royal Bank of Canada,NGP Energy Capital Management LLC,,,5.0,,101016
1161,Truist Financial,NGP Energy Capital Management LLC,,,5.0,,101016
1162,US Bancorp,NGP Energy Capital Management LLC,,,5.0,,101016
1163,Capital One Financial,NGP Energy Capital Management LLC,,,5.0,,101016
1313,Wells Fargo,HG Energy LLC,55.0,,,,100197
1314,Royal Bank of Canada,HG Energy LLC,55.0,,,,100197
1316,Truist Financial,HG Energy LLC,55.0,,,,100197
1318,Capital One Financial,HG Energy LLC,31.0,,,,100197
1635,JPMorgan Chase,Verdun Oil Company LLC,38.0,46.0,,113.0,100293
1636,Citigroup,Verdun Oil Company LLC,25.0,31.0,,76.0,100293
1637,Wells Fargo,Verdun Oil Company LLC,38.0,46.0,,113.0,100293
1638,US Bancorp,Verdun Oil Company LLC,25.0,31.0,,76.0,100293
1662,BMO Financial Group,Athabasca Oil Corporation,148.0,,24.0,241.0,100302
1710,Banco Bilbao Vizcaya Argentaria (BBVA),Vista Energy SAB de CV,,,,36.0,100330
1711,Banco Bilbao Vizcaya Argentaria (BBVA),Vista Energy SAB de CV,21.0,,,,100330
1713,JPMorgan Chase,NGP Energy Capital Management LLC,698.0,53.0,678.0,,101016
1714,Citigroup,NGP Energy Capital Management LLC,158.0,,574.0,,101016
1715,Bank of America,NGP Energy Capital Management LLC,162.0,,644.0,513.0,101016
1716,Wells Fargo,NGP Energy Capital Management LLC,708.0,,574.0,,101016
1717,Royal Bank of Canada,NGP Energy Capital Management LLC,153.0,,574.0,,101016
1721,Truist Financial,NGP Energy Capital Management LLC,137.0,,349.0,,101016
1724,US Bancorp,NGP Energy Capital Management LLC,151.0,,590.0,,101016
1725,Capital One Financial,NGP Energy Capital Management LLC,79.0,40.0,364.0,,101016
1759,JPMorgan Chase,NGP Energy Capital Management LLC,115.0,81.0,,41.0,101016
1760,Citigroup,NGP Energy Capital Management LLC,48.0,61.0,,41.0,101016
1761,Wells Fargo,NGP Energy Capital Management LLC,48.0,,,41.0,101016
1763,Truist Financial,NGP Energy Capital Management LLC,48.0,81.0,,41.0,101016
1783,Wells Fargo,Blackstone Inc,,45.0,77.0,56.0,800228
1784,Royal Bank of Canada,Blackstone Inc,,23.0,,,800228
1786,US Bancorp,Blackstone Inc,,45.0,77.0,56.0,800228
2144,Wells Fargo,Silver Hill Energy Partners III LP,225.0,900.0,,86.0,100798
2198,Royal Bank of Canada,Cardinal Energy Ltd,15.0,19.0,19.0,,100879
2200,CIBC,Cardinal Energy Ltd,36.0,41.0,40.0,,100879
2277,JPMorgan Chase,Delek Group Ltd,,,,123.0,100118
2278,Bank of America,Delek Group Ltd,,49.0,,,100118
2279,Wells Fargo,Delek Group Ltd,216.0,,,124.0,100118
2280,Royal Bank of Canada,Delek Group Ltd,150.0,,,1.0,100118
2281,Goldman Sachs,Delek Group Ltd,,49.0,,123.0,100118
2283,HSBC,Delek Group Ltd,,49.0,,,100118
2689,Scotiabank,Enbridge Inc,1114.0,1090.0,1775.0,842.0,200149
2690,Scotiabank,Enbridge Inc,50.0,73.0,,,200149
2707,China Construction Bank,Enbridge Inc,333.0,260.0,440.0,441.0,200149
2708,China Construction Bank,Enbridge Inc,,33.0,,,200149
2709,State Bank of India,Enbridge Inc,25.0,33.0,,,200149
2710,State Bank of India,Enbridge Inc,,36.0,,,200149
2734,Bank of America,Pembina Pipeline Corporation,,155.0,181.0,151.0,200172
2735,Mitsubishi UFJ Financial,Pembina Pipeline Corporation,35.0,,13.0,56.0,200172
2736,Mizuho Financial,Pembina Pipeline Corporation,,,22.0,56.0,200172
2737,Royal Bank of Canada,Pembina Pipeline Corporation,221.0,155.0,397.0,289.0,200172
2738,SMBC Group,Pembina Pipeline Corporation,,,,28.0,200172
2739,Scotiabank,Pembina Pipeline Corporation,556.0,419.0,646.0,420.0,200172
2740,Toronto-Dominion Bank,Pembina Pipeline Corporation,221.0,155.0,397.0,281.0,200172
2741,CIBC,Pembina Pipeline Corporation,378.0,155.0,235.0,306.0,200172
2742,BMO Financial Group,Pembina Pipeline Corporation,183.0,155.0,181.0,289.0,200172
3270,HSBC,Abu Dhabi National Oil Company (ADNOC),,,478.0,,100012
3324,Mitsubishi UFJ Financial,Pacific Energy Corporation Ltd,,,,183.0,100288
3325,Royal Bank of Canada,Pacific Energy Corporation Ltd,,,,183.0,100288
3326,Industrial and Commercial Bank of China,Pacific Energy Corporation Ltd,,,,122.0,100288
3327,BMO Financial Group,Pacific Energy Corporation Ltd,,,,183.0,100288
3331,China Construction Bank,Pacific Energy Corporation Ltd,,,,122.0,100288
3969,Mitsubishi UFJ Financial,Blackstone Inc,2.0,,,,800228
3971,Wells Fargo,Blackstone Inc,2.0,,,,800228
3972,Royal Bank of Canada,Blackstone Inc,2.0,,,,800228
3979,Société Générale,Blackstone Inc,2.0,,,,800228
3981,US Bancorp,Blackstone Inc,2.0,,,,800228
3983,Santander,Blackstone Inc,2.0,,,,800228
4266,Mitsubishi UFJ Financial,Blackstone Inc,,58.0,,,800228
4268,Société Générale,Blackstone Inc,,58.0,,,800228
4269,Santander,Blackstone Inc,,58.0,,,800228
4707,JPMorgan Chase,Hess Corporation,152.0,178.0,54.0,407.0,100062
4717,JPMorgan Chase,Hilcorp Energy Company,183.0,96.0,215.0,117.0,100077
4726,JPMorgan Chase,Aethon Energy Management LLC,83.0,283.0,,145.0,100096
4728,JPMorgan Chase,Antero Resources Corporation,265.0,,,235.0,100040
4738,JPMorgan Chase,Aethon Energy Management LLC,,418.0,,,100096
4755,JPMorgan Chase,INEOS Ltd,54.0,138.0,,146.0,100218
4814,JPMorgan Chase,Murphy Oil Corporation,138.0,,,,100100
4851,JPMorgan Chase,Hilcorp Energy Company,95.0,,,,100077
4885,JPMorgan Chase,Verdun Oil Company LLC,,41.0,12.0,,100293
4899,JPMorgan Chase,Delek Group Ltd,,44.0,,,100118
4930,JPMorgan Chase,INEOS Ltd,,,,24.0,100218
4997,Citigroup,Hess Corporation,158.0,225.0,22.0,785.0,100062
5046,Citigroup,Antero Resources Corporation,160.0,,,130.0,100040
5171,Citigroup,Verdun Oil Company LLC,,41.0,5.0,,100293
5289,Bank of America,Delek Group Ltd,,392.0,16.0,260.0,100118
5349,Bank of America,Antero Resources Corporation,111.0,,,130.0,100040
5353,Bank of America,Pembina Pipeline Corporation,,175.0,18.0,36.0,200172
5392,Bank of America,Chesapeake Energy Corporation,130.0,,,,100046
5394,Bank of America,Murphy Oil Corporation,126.0,,,,100100
5397,Bank of America,Kraken Resources LLC,,,,123.0,100290
5424,Bank of America,Kraken Resources LLC,,81.0,13.0,,100290
5448,Bank of America,Hess Corporation,,54.0,,19.0,100062
5638,Mitsubishi UFJ Financial,Hess Corporation,110.0,178.0,22.0,64.0,100062
5660,Mitsubishi UFJ Financial,INEOS Ltd,,62.0,77.0,138.0,100218
5672,Mitsubishi UFJ Financial,Pembina Pipeline Corporation,,175.0,18.0,36.0,200172
5813,Mitsubishi UFJ Financial,Pacific Energy Corporation Ltd,,,,42.0,100288
5844,Mitsubishi UFJ Financial,INEOS Ltd,,,,24.0,100218
5950,Mizuho Financial,Hilcorp Energy Company,183.0,96.0,215.0,117.0,100077
5992,Mizuho Financial,Pembina Pipeline Corporation,,175.0,18.0,36.0,200172
5997,Mizuho Financial,Antero Resources Corporation,80.0,,,130.0,100040
6018,Mizuho Financial,Hess Corporation,24.0,85.0,12.0,19.0,100062
6047,Mizuho Financial,Hilcorp Energy Company,95.0,,,,100077
6057,Mizuho Financial,INEOS Ltd,,,77.0,,100218
6122,Mizuho Financial,INEOS Ltd,,,,24.0,100218
6192,Wells Fargo,Delek Group Ltd,117.0,466.0,16.0,205.0,100118
6213,Wells Fargo,Antero Resources Corporation,265.0,,,235.0,100040
6227,Wells Fargo,Hess Corporation,107.0,188.0,22.0,64.0,100062
6249,Wells Fargo,Chesapeake Energy Corporation,45.0,48.0,197.0,,100046
6306,Wells Fargo,Murphy Oil Corporation,126.0,,,,100100
6310,Wells Fargo,Kraken Resources LLC,,,,123.0,100290
6317,Wells Fargo,Kraken Resources LLC,,105.0,13.0,,100290
6381,Wells Fargo,Verdun Oil Company LLC,,41.0,12.0,,100293
6385,Wells Fargo,Silver Hill Energy Partners III LP,,,,49.0,100798
6388,Wells Fargo,HG Energy LLC,,24.0,,22.0,100197
6481,Royal Bank of Canada,Hilcorp Energy Company,183.0,96.0,215.0,117.0,100077
6488,Royal Bank of Canada,Pacific Energy Corporation Ltd,125.0,102.0,171.0,67.0,100288
6491,Royal Bank of Canada,Chesapeake Energy Corporation,65.0,96.0,197.0,80.0,100046
6496,Royal Bank of Canada,Pembina Pipeline Corporation,,300.0,22.0,70.0,200172
6501,Royal Bank of Canada,Delek Group Ltd,75.0,121.0,16.0,114.0,100118
6514,Royal Bank of Canada,Antero Resources Corporation,160.0,,,130.0,100040
6583,Royal Bank of Canada,Hilcorp Energy Company,95.0,,,,100077
6615,Royal Bank of Canada,HG Energy LLC,,24.0,,22.0,100197
6640,Royal Bank of Canada,Riverbend Energy Group,32.0,,,,100814
6644,Royal Bank of Canada,Riverbend Energy Group,,14.0,14.0,,100814
6651,Royal Bank of Canada,Cardinal Energy Ltd,,,,24.0,100879
6711,SMBC Group,Hilcorp Energy Company,183.0,96.0,215.0,117.0,100077
6741,SMBC Group,Antero Resources Corporation,160.0,,,130.0,100040
6753,SMBC Group,Pembina Pipeline Corporation,,175.0,18.0,36.0,200172
6754,SMBC Group,Hess Corporation,31.0,126.0,,64.0,100062
6805,SMBC Group,Hilcorp Energy Company,95.0,,,,100077
6981,Scotiabank,Pembina Pipeline Corporation,,300.0,22.0,70.0,200172
7019,Scotiabank,Hess Corporation,24.0,90.0,12.0,19.0,100062
7138,Barclays,Chesapeake Energy Corporation,,,456.0,45.0,100046
7166,Barclays,Antero Resources Corporation,160.0,,,130.0,100040
7324,Toronto-Dominion Bank,Pembina Pipeline Corporation,,300.0,22.0,70.0,200172
7370,Toronto-Dominion Bank,Hess Corporation,24.0,90.0,12.0,19.0,100062
7482,Goldman Sachs,Hess Corporation,150.0,186.0,310.0,64.0,100062
7497,Goldman Sachs,Aethon Energy Management LLC,,418.0,,,100096
7524,Goldman Sachs,Aethon Energy Management LLC,,83.0,,127.0,100096
7590,Goldman Sachs,Delek Group Ltd,,44.0,,,100118
7664,Morgan Stanley,Hess Corporation,110.0,158.0,75.0,64.0,100062
7802,CIBC,Pembina Pipeline Corporation,,175.0,18.0,70.0,200172
7805,CIBC,Antero Resources Corporation,111.0,,,130.0,100040
7855,CIBC,Cardinal Energy Ltd,,,,69.0,100879
8090,Industrial and Commercial Bank of China,Pacific Energy Corporation Ltd,,39.0,65.0,64.0,100288
8233,BMO Financial Group,Athabasca Oil Corporation,,580.0,,,100302
8239,BMO Financial Group,Pembina Pipeline Corporation,,300.0,22.0,70.0,200172
8258,BMO Financial Group,Pacific Energy Corporation Ltd,53.0,39.0,80.0,67.0,100288
8452,Bank of China,Hess Corporation,,49.0,,,100062
8671,HSBC,Delek Group Ltd,,48.0,9.0,,100118
8900,BNP Paribas,Hess Corporation,27.0,17.0,,,100062
9016,Truist Financial,Hilcorp Energy Company,183.0,96.0,215.0,117.0,100077
9023,Truist Financial,Aethon Energy Management LLC,,418.0,,,100096
9034,Truist Financial,Aethon Energy Management LLC,83.0,83.0,,145.0,100096
9039,Truist Financial,Antero Resources Corporation,111.0,,,130.0,100040
9066,Truist Financial,Hess Corporation,20.0,81.0,12.0,19.0,100062
9068,Truist Financial,Kraken Resources LLC,,,,123.0,100290
9078,Truist Financial,Chesapeake Energy Corporation,50.0,48.0,,,100046
9080,Truist Financial,Hilcorp Energy Company,95.0,,,,100077
9081,Truist Financial,Kraken Resources LLC,,81.0,13.0,,100290
9103,Truist Financial,HG Energy LLC,,24.0,,22.0,100197
9146,PNC Financial Services,Hilcorp Energy Company,93.0,96.0,215.0,117.0,100077
9150,PNC Financial Services,Chesapeake Energy Corporation,80.0,80.0,206.0,100.0,100046
9198,PNC Financial Services,Hilcorp Energy Company,95.0,,,,100077
9203,PNC Financial Services,Antero Resources Corporation,,,,80.0,100040
9334,Crédit Agricole,Antero Resources Corporation,80.0,,,,100040
9375,Crédit Agricole,Hess Corporation,23.0,13.0,,,100062
9657,UBS,Antero Resources Corporation,111.0,,,,100040
9757,US Bancorp,Hilcorp Energy Company,183.0,96.0,215.0,117.0,100077
9808,US Bancorp,Kraken Resources LLC,,,,123.0,100290
9810,US Bancorp,Antero Resources Corporation,31.0,,,80.0,100040
9820,US Bancorp,Hess Corporation,16.0,57.0,,19.0,100062
9845,US Bancorp,Kraken Resources LLC,,38.0,13.0,,100290
9846,US Bancorp,Paloma Resources LLC,26.0,26.0,,,100409
9854,US Bancorp,Paloma Resources LLC,,,48.0,,100409
9863,US Bancorp,Hilcorp Energy Company,33.0,,,,100077
9892,US Bancorp,Verdun Oil Company LLC,,,5.0,,100293
11019,China Construction Bank,Pacific Energy Corporation Ltd,,,,45.0,100288
11130,Banco Bilbao Vizcaya Argentaria (BBVA),Hess Corporation,21.0,47.0,5.0,19.0,100062
11492,Capital One Financial,Hilcorp Energy Company,154.0,45.0,215.0,117.0,100077
11506,Capital One Financial,Antero Resources Corporation,111.0,,,50.0,100040
11534,Capital One Financial,Hilcorp Energy Company,36.0,,,,100077
11549,Capital One Financial,HG Energy LLC,,,,22.0,100197
