sheet_name;column_name;definition;sources
gasoil_project_data;project_name;Name of the project;Rystad
gasoil_project_data;country;Location of the project;Location attributed by Reclaim Finance, primarily based on Rystad database
gasoil_project_data;latitude;Approximative, location of the project;Global Energy Monitor, Approximation calculated by Reclaim Finance using Rystad's exact latitude
gasoil_project_data;longitude;Approximative, location of the project;Global Energy Monitor, Approximation calculated by Reclaim Finance using Rystad's exact longitude
gasoil_project_data;world_region;Continent of the project;Global Energy Monitor, Rystad
gasoil_project_data;start_year;"For oil and gas : Decade or estimated decade of first oil / first gas of the project
For coal : estimated started time of the project from GEM database.";Approximation calculated by Reclaim Finance using Rystad's start up year, Global Energy Monitor,
gasoil_project_data;total_potential_emissions_v1;Estimated remaining lifetime emissions associated with the project, from the original research paper.;Original research paper
gasoil_project_data;total_potential_emissions;Estimated remaining lifetime emissions associated with the project, from the 2025 update. For Oil and Gas estimations are calculated from Rystad database. For coal, emissions are calculated based on GEM reserves / ressources available information.;Calculation made by Reclaim Finance using Rystad database, Global Energy Monitor
gasoil_project_data;producing_potential_emissions;Estimated remaining lifetime emissions associated to fields that are currently in operation;Calculation made by Reclaim Finance using Rystad database
gasoil_project_data;short_term_expansion_potential_emissions;Estimated remaining lifetime emissions associated to fields that are currently under development or field evaluation;Calculation made by Reclaim Finance using Rystad database
gasoil_project_data;long_term_expansion_potential_emissions;Estimated remaining lifetime emissions associated to fields that are currently discoveries, except field under evaluation;Calculation made by Reclaim Finance using Rystad database
gasoil_project_data;project_evolution;Breakdown of carbon bombs between 1/ Carbon bombs both in V1 and the update (carbon_bomb_above_1gt), 2/ new carbon bombs (new_identified_carbon_bomb), 3/ Carbon bombs from V1 that will now emit less than 1Gt CO2 (carbon_bomb_now_below_1gt), 4/ Carbon bombs in V1 that do not match our database in the update (project_not_found);Calculation made by Reclaim Finance using Rystad database, Global Energy Monitor
gasoil_project_data;project_type;Breakdown between Carbon bombs from V1 and 2025 update on one hand and New extraction projects that are not carbon bombs on the other hand;Original research paper, Calculation made by Reclaim Finance using Rystad database
gasoil_project_data;new_extraction_after_2021;true if the project has new extraction plans after 2021. false if not. Carbon bombs projects can have new extraction expansions, as well as new extraction projects. Only for Oil & gas projects.;Calculation made by Reclaim Finance using Rystad database
gasoil_project_data;project_status_in_v1;status of the project in the original research paper of Kjell Khune.;original research paper
gasoil_project_data;project_status;status of the project : operating, operating and expanding, not started.;calculated
gasoil_project_data;list_of_company_involved;list of parent companies involved in the project, and an intervall of the percentage they own in the project.;Global Energy Monitor, Calculation made by Reclaim Finance using Rystad's participation breakdown
gasoil_project_data;fuel_type;can take two values : oil and gas or coal.;
gasoil_project_data;2020_2025_past_emissions;Calculated emissions from cumulated past oil and gas production from 2021 to 2024;Calculation made by Reclaim Finance using Rystad database
company_data;company;Name of the company;Global Oil and Gas Exit List, Global Energy Monitor, Rystad
company_data;headquarter_country;Address of the company headquarters.;BOCC
company_data;latitude;Latitude of the company headquarters.;BOCC
company_data;longitude;Longitude of the company headquarters.;BOCC
company_data;world_region;"List of carbon bombs connected. Multpiple values are separated by a "";""";GEM, Rystad
bank_data;bank_name;Name of the bank;BOCC
bank_data;bank_website;Url of the bank website;BOCC
bank_data;headquarters_address;Headquarters address of the bank;BOCC
bank_data;headquarters_country;Country of the bank's headquarters;BOCC
bank_data;ceo_name;Bank's Chief Executive Officer;BOCC
bank_data;board_description;Url of the board description;BOCC
bank_data;supervisor_name;Supervisor name of the bank;BOCC
bank_data;supervisor_website;Url of the bank's supervisor;BOCC
bank_data;shareholder_structure_source;Url of the bank's shareholder structure;BOCC
bank_data;source_banktrack;Banktrack's url;BOCC
bank_data;latitude;Latitude of the headquarters address;BOCC
bank_data;longitude;Longitude of the headquarters address;BOCC
bank_data;Bank logo;Url of the bank's logo;BOCC
bank_data;World Region;World Region of the country's bank;BOCC
connection_bank_company;bank;Name of the bank financing a company.;BOCC
connection_bank_company;company;Name of the company;BOCC
connection_bank_company;2021;Adjusted amount of money allocated to the company from the bank in 2021 in millions USD;BOCC
connection_bank_company;2022;Adjusted amount of money allocated to the company from the bank in 2022 in millions USD;BOCC
connection_bank_company;2023;Adjusted amount of money allocated to the company from the bank in 2023 in millions USD;BOCC
connection_bank_company;2024;Adjusted amount of money allocated to the company from the bank in 2024 in millions USD;BOCC
connection_project_company;project_name;Name of the project;GEM, Rystad
connection_project_company;company;Company name of companies involved in each specific project;GEM, Rystad
connection_project_company;gogel_id;Company's ID in the Global Oil and Gas Exit List;BOCC
connection_project_company;involvement_interval;Intervall percentage of detention of the project;GEM, Rystad
connection_project_company;project_type;two project type possible : new extraction project, carbon bomb.;Rystad, GEM, Urgevald
connection_project_company;fuel_type;two fuel type possible : oil & gas or coal.;
lng_data;project_name;Name of the project;Global Oil and Gas Exit List
lng_data;export_capacity_in_mtpa;Liquefaction capacity of the project in million tons per annum;Global Oil and Gas Exit List
lng_data;project_status;Project's development status: commissioning, under construction or proposed;Global Oil and Gas Exit List
lng_data;country;Location of the project;Global Oil and Gas Exit List
lng_data;companies_involved;Company names of companies involved in each specific project;Global Oil and Gas Exit List
lng_data;latitude;Location of the project;Global Energy Monitor
lng_data;longitude;Location of the project;Global Energy Monitor
country_data;country;countries in which projects are located.;Rystad, GEM, Global Oil and Gas Exit List
country_data;Emissions_per_capita_tons_CO2;Emissions per capita (metric tons of CO2);UNData
country_data;Year_Emissions_per_capita_tons_CO2;Source year of emissions per capita;UNData
country_data;Emissions_thousand_tons_CO2;Country emissions (thousand metric tons of CO2);UNData
country_data;Year_Emissions_thousand_tons_CO2;Source year of country emissions;UNData
country_data;GDP_millions_US_dollars;GDP in current prices (millions of USD);UNData
country_data;Year_GDP_millions_US_dollars;Source year of GDP in current prices;UNData
country_data;GDP_per_capita_US_dollars;GDP per capita (USD);UNData
country_data;Year_GDP_per_capita_US_dollars;Source year of GDP per capita;UNData
country_data;Population_in_millions;Population mid-year estimates (millions);UNData
country_data;Year_Population_in_millions;Source year of population mid-year estimates;UNData
country_data;Surface_thousand_km2;Surface area (thousand km2);UNData
country_data;Year_Surface_thousand_km2;Source year of surface area;UNData
