Bank,Company,2016,2017,2018,2019,2020,2021,2022,Grand Total
Agricultural Bank of China,State Grid Corp of China,772010000.0,29883804.454319432,262563880.38352907,865502160.1716462,1386568998.526739,3751992456.469884,2610956250.0,9679477550.006119
Agricultural Bank of China,China National Petroleum Corporation (CNPC),1900240000.0,86893800.0,785830000.0,2171800000.0,2599569000.0,849640000,2011351500.0,10405324300.0
Agricultural Bank of China,China Huadian Corp Ltd,935007190.1320859,720308545.6893791,234571274.06390092,1036903909.2109859,1020666598.0,420034378.0104617,518929216.38808054,4886421111.494894
Agricultural Bank of China,Beijing Energy Holding Co Ltd,180670027.91251063,0.0,330439315.23058826,1108988.0327326248,113903261.5431573,208475357.67307,366444662.8046913,1201041613.1967502
Agricultural Bank of China,Shandong Energy Co Ltd,0.0,419672877.41347903,395703355.59052515,298483925.49100834,324739613.0011844,341024188.02976465,256735246.54250848,2036359206.06847
Agricultural Bank of China,China Energy Investment Corp Ltd,1831431159.8593824,290328206.5217468,9620957.873978332,175843086.4085154,372897364.721854,112030436.54388325,253677495.0,3045828706.9293604
Agricultural Bank of China,China Huaneng Group Co Ltd,647517420.0,227740570.0,197373735.35558262,346033457.5754889,66807727.920555905,168663095.581531,210299655.69597816,1864435662.1291366
Agricultural Bank of China,Jinneng Holding Group Co Ltd,119965447.06870425,141933714.6393593,263134722.50040883,253504650.0,561987197.4160701,0,147719102.55774936,1488244834.1822917
Agricultural Bank of China,China Datang Corp,166200146.61050296,108634494.14386648,0.0,0.0,165390120.0,376056555,115958986.42,932240302.1743695
Agricultural Bank of China,Shenergy Group Co Ltd,0.0,0.0,0.0,85285281.64606926,0.0,0,111789000.0,197074281.64606926
Agricultural Bank of China,Guangdong Hengjian Investment Holding Co Ltd,65334420.0,340647562.5,0.0,40972320.03,117162800.0,385347420,80687340.0,1030151862.53
Agricultural Bank of China,Hebei Construction & Investment Group Co Ltd,0.0,46298288.241549045,69659242.35739508,159917750.42442635,53537250.0,0,0.0,329412531.0233705
Agricultural Bank of China,Huayang New Material Technology Group Co Ltd,152045000.0,183138000.0,79348500.0,0.0,144426000.0,0,0.0,558957500.0
Agricultural Bank of China,China ZhenHua Oil Co Ltd,247660875.0,0.0,0.0,0.0,0.0,0,0.0,247660875.0
Agricultural Bank of China,Inner Mongolia Mengtai Group Co Ltd,0.0,0.0,0.0,43558611.5,0.0,0,0.0,43558611.5
Agricultural Bank of China,Inpex Corp,0.0,455769230.0,0.0,0.0,0.0,0,0.0,455769230.0
Agricultural Bank of China,Shaanxi Yanchang Petroleum Group Co Ltd,298623507.1867472,0.0,402339115.93600357,455787398.82367337,557166567.4496047,0,0.0,1713916589.3960288
Agricultural Bank of China,Jizhong Energy Group Co Ltd,0.0,0.0,138819530.0,50074518.16,0.0,0,0.0,188894048.16
Agricultural Bank of China,Shougang Group Co Ltd,1622303.169886687,0.0,0.0,0.0,0.0,0,0.0,1622303.169886687
Agricultural Bank of China,Lu'an Chemical Group Co Ltd,96181628.4,0.0,43181700.0,0.0,46587551.4,0,0.0,185950879.8
Agricultural Bank of China,Zhejiang Provincial Energy Group Co Ltd,0.0,81634500.0,99652140.0,102522240.0,260637480.0,100998585,0.0,645444945.0
Agricultural Bank of China,Hubei Yihua Chemical Industry Co Ltd,10218036.92,0.0,0.0,0.0,0.0,0,0.0,10218036.92
ANZ,Inpex Corp,600000000.0,455769230.0,0.0,0.0,1050875000.0,0,1505600000.0,3612244230.0
ANZ,Glencore PLC,0.0,45843750.0,66119984.57588445,111677419.44,154693338.07504827,0,46412903.24,424747395.33093274
ANZ,BHP Group Ltd,0.0,0.0,0.0,57500000.0,2857142.88,0,0.0,60357142.88
ANZ,Exxon Mobil Corp,400000000.0,0.0,0.0,0.0,0.0,0,0.0,400000000.0
ANZ,Zhejiang Provincial Energy Group Co Ltd,0.0,50000000.0,0.0,0.0,0.0,0,0.0,50000000.0
ANZ,Shell PLC,0.0,0.0,0.0,388000000.0,0.0,0,0.0,388000000.0
ANZ,AGL Energy Ltd,0.0,0.0,0.0,116841312.68554688,0.0,0,0.0,116841312.68554688
ANZ,State Grid Corp of China,75434668.71594647,171496615.25697762,78708623.79805605,0.0,0.0,33273705.658871196,0.0,358913613.4298513
ANZ,TotalEnergies SE,0.0,0.0,0.0,0.0,341250503.2317707,0,0.0,341250503.2317707
Bank of America,ConocoPhillips,1026605000.0,1939416664.0,828571429.0,0.0,166666667.0,0,813636364.0,4774896124.0
Bank of America,Inpex Corp,0.0,0.0,0.0,0.0,0.0,0,110000000.0,110000000.0
Bank of America,Delek Group Ltd,0.0,0.0,0.0,0.0,0.0,0,59741850.0,59741850.0
Bank of America,Glencore PLC,39741920.0,86804279.94755727,87953771.4714256,111677419.44,254210712.59242278,46934346.17471515,46412903.24,673735352.8661208
Bank of America,POSCO Holdings Inc,0.0,0.0,42425706.4479359,76366271.60628462,63808262.4976956,0,0.0,182600240.55191612
Bank of America,Adani Group,0.0,22556390.842105262,0.0,101782844.41060668,21531100.42105263,39074960.21052632,0.0,184945295.8842909
Bank of America,QatarEnergy,0.0,0.0,0.0,0.0,0.0,944444445,0.0,944444445.0
Bank of America,Chevron Corp,738025553.0,849999334.0,800000000.0,100000000.0,2171428570.0,0,0.0,4659453457.0
Bank of America,Petróleo Brasileiro SA – Petrobras,2310704459.658327,259999994.8,0.0,368484703.67723346,1232873264.61,656465299.3448865,0.0,4828527722.090447
Bank of America,China Huaneng Group Co Ltd,165000000.0,0.0,0.0,0.0,0.0,0,0.0,165000000.0
Bank of America,China National Petroleum Corporation (CNPC),0.0,0.0,0.0,0.0,133333333.0,0,0.0,133333333.0
Bank of America,State Grid Corp of China,0.0,141032511.96588898,78708623.79805605,0.0,0.0,0,0.0,219741135.76394504
Bank of America,Petróleos Mexicanos (PEMEX),2137016800.0,175500000.27,800000000.0,1010076888.73,337121861.60440904,1464430438.6269908,0.0,5924145989.2314
Bank of America,Evraz PLC,0.0,0.0,0.0,334268.2063579558,0.0,0,0.0,334268.2063579558
Bank of America,Repsol SA,0.0,0.0,0.0,0.0,299934623.9643085,113365880.55449331,0.0,413300504.5188018
Bank of America,ITOCHU Corp,0.0,44166668.0,0.0,0.0,0.0,0,0.0,44166668.0
Bank of America,Equinor ASA,0.0,0.0,333333000.0,0.0,1818187917.0,298899358.7219936,0.0,2450420275.7219934
Bank of America,Peabody Energy Corp,0.0,0.0,0.0,108000000.0,0.0,0,0.0,108000000.0
Bank of America,PPL Corp,308768696.4474668,152351505.38544866,0.0,462259526.50239575,0.0,550746806.1559293,0.0,1474126534.4912405
Bank of America,Mitsubishi Corp,0.0,20000000.0,0.0,0.0,0.0,0,0.0,20000000.0
Bank of America,BHP Group Ltd,0.0,0.0,0.0,57500000.0,2857142.88,0,0.0,60357142.88
Bank of America,Exxon Mobil Corp,3233333000.0,0.0,833333333.0,2650000000.0,7502786665.0,1111111111,0.0,15330564109.0
Bank of America,Shell PLC,0.0,0.0,0.0,388000000.0,1354590001.0,0,0.0,1742590001.0
Bank of America,Suncor Energy Inc,0.0,0.0,0.0,0.0,0.0,125000000,0.0,125000000.0
Bank of America,Teck Resources Ltd,53822916.83890001,0.0,0.0,0.0,0.0,0,0.0,53822916.83890001
Bank of America,TotalEnergies SE,1124768118.0,0.0,0.0,268527887.1138593,691823894.8674514,0,0.0,2085119899.9813106
Bank of America,Occidental Petroleum Corp,1159548888.8023555,333333333.0,1245000000.31,8254413847.364279,667500000.0,356000000,0.0,12015796069.476635
Bank of China,State Grid Corp of China,680808801.4089332,504657511.965889,78708623.79805605,499637000.0,2338229042.6482463,385195884.96988374,1309728000.0,5796964864.791008
Bank of China,China Huaneng Group Co Ltd,629182455.0,305874830.0,827056415.5212322,659216550.4784554,740232881.4027047,555839445.5201056,466884651.6433349,4184287229.5658326
Bank of China,Petróleo Brasileiro SA – Petrobras,0.0,0.0,0.0,0.0,0.0,459525709.7252309,379166666.97,838692376.695231
Bank of China,Pertamina Persero PT,0.0,0.0,0.0,0.0,0.0,0,325925926.0,325925926.0
Bank of China,China Huadian Corp Ltd,457711347.687832,147224498.25781953,1208761129.4471354,1170726193.8546984,424029609.2024072,821606339.4899222,312630780.0589073,4542689897.998722
Bank of China,Jinneng Holding Group Co Ltd,217965351.76499626,0.0,270041320.0,838075275.0,608558372.2514466,384012604.986849,295966375.5778475,2614619299.581139
Bank of China,China National Petroleum Corporation (CNPC),2963474715.0,1053268800.0,1969464286.0,2249227500.0,1617341111.0,117075750,117819750.0,10087671912.0
Bank of China,Hebei Construction & Investment Group Co Ltd,0.0,0.0,0.0,72203750.0,21737384.457971875,0,115340250.0,209281384.45797187
Bank of China,China Datang Corp,818759212.3749379,0.0,0.0,0.0,0.0,55965508.769999996,109605840.0,984330561.1449379
Bank of China,China Energy Investment Corp Ltd,431943679.7022247,1238257638.7123785,196619727.26211017,367959101.3401074,381468182.38127273,249791213.31690052,95760320.0,2961799862.7149944
Bank of China,Shandong Energy Co Ltd,1251212759.5520234,242906949.8979454,585612129.4234732,395938793.3047913,146447354.67896175,93067957.70331793,66380650.990437165,2781566595.5509505
Bank of China,Inpex Corp,60000000.0,230769230.0,0.0,0.0,0.0,0,59000000.0,349769230.0
Bank of China,Lu'an Chemical Group Co Ltd,147643454.4,117708973.19999999,201693909.3,71947666.05,0.0,0,49820990.7,588814993.65
Bank of China,Shaanxi Investment Group Co Ltd,0.0,0.0,109514550.0,109098750.0,0.0,0,23558550.0,242171850.0
Bank of China,Guangdong Hengjian Investment Holding Co Ltd,37367500.0,158850958.892009,0.0,133222248.03,296018171.7305,9501770.066326834,8759105.73714277,643719754.4559786
Bank of China,BHP Group Ltd,0.0,0.0,0.0,57500000.0,2857142.88,0,0.0,60357142.88
Bank of China,Gazprom PJSC,258649375.0,0.0,0.0,0.0,0.0,0,0.0,258649375.0
Bank of China,Guangdong Hanjian Investment Co Ltd,75450582.68348539,0.0,0.0,0.0,4692583.801553521,63873765.97968541,0.0,144016932.4647243
Bank of China,Shaanxi Yulin Energy Group Co Ltd,0.0,0.0,0.0,0.0,73900396.79902755,0,0.0,73900396.79902755
Bank of China,Shenergy Group Co Ltd,0.0,0.0,54802125.0,0.0,131360728.57863532,0,0.0,186162853.57863533
Bank of China,Huayang New Material Technology Group Co Ltd,153325000.0,123488000.0,150300850.0,107156250.0,285710000.0,0,0.0,819980100.0
Bank of China,Inner Mongolia Yitai Investment Co Ltd,0.0,0.0,203570750.0,182647750.0,0.0,0,0.0,386218500.0
Bank of China,Shenmu City State-Owned Assets Operation Co,0.0,0.0,0.0,177088.94456582397,0.0,0,0.0,177088.94456582397
Bank of China,China COSCO Shipping Corp Ltd,0.0,0.0,0.0,2878203.407241891,0.0,0,0.0,2878203.407241891
Bank of China,Beijing Energy Holding Co Ltd,106111281.04265483,1502642.8138361997,131093921.23967493,1105052.0644815748,1448416.1577781998,1573220.6209704247,0.0,242834533.93939617
Bank of China,Jizhong Energy Group Co Ltd,1165296847.0,0.0,797597530.0,749913344.28,371633211.5,0,0.0,3084440932.7799997
Bank of China,Kailuan Group Ltd Liability Corp,0.0,0.0,69276600.0,97665300.0,0.0,0,0.0,166941900.0
Bank of China,Shaanxi Coal and Chemical Industry Group Co Ltd,130064129.99999999,286650146.3153584,126832242.95850354,170185315.5282264,2191310978.1668024,0,0.0,2905042812.9688907
Bank of China,Shaanxi Yanchang Petroleum Group Co Ltd,286305552.10955197,0.0,214982591.97709918,421660322.70752877,148327171.6567288,149806957.5260056,0.0,1221082595.9769142
Bank of China,Shanxi Coking Coal Group Co Ltd,205104060.0,380885921.83862525,325916274.60621583,497878676.08061653,0.0,0,0.0,1409784932.5254576
Bank of China,Shell PLC,0.0,0.0,0.0,388000000.0,0.0,0,0.0,388000000.0
Bank of China,China ZhenHua Oil Co Ltd,114730875.0,0.0,0.0,0.0,0.0,0,0.0,114730875.0
Bank of China,Tianjin Energy Investment Co Ltd,0.0,0.0,15601064.16,0.0,23065308.09,0,0.0,38666372.25
Bank of China,Xin Jiang Guang Hui Industry Investment Group Co Ltd,0.0,0.0,0.0,0.0,11665187.22145962,0,0.0,11665187.22145962
Bank of China,China Coal Xinji Energy Co Ltd,0.0,0.0,72789500.0,0.0,0.0,0,0.0,72789500.0
Bank of China,Zhejiang Provincial Energy Group Co Ltd,0.0,109871640.0,227820600.0,53233200.0,0.0,154307790,0.0,545233230.0
Bank of Communications,State Grid Corp of China,0.0,0.0,380208750.0,435955500.0,918116500.0,2031069250,3266220250.0,7031570250.0
Bank of Communications,China Huadian Corp Ltd,303005277.2367263,212567605.0,276601062.0,0.0,197272905.0,205908001.22642207,456432075.9200289,1651786926.3831773
Bank of Communications,Shaanxi Yanchang Petroleum Group Co Ltd,584929059.2962992,0.0,0.0,628684696.1908007,839430867.0736384,300546063.6310832,413451589.283076,2767042275.4748974
Bank of Communications,China Huaneng Group Co Ltd,0.0,0.0,0.0,0.0,0.0,399977289.0431767,179352536.50893363,579329825.5521103
Bank of Communications,Shaanxi Coal and Chemical Industry Group Co Ltd,356175389.99999994,385994625.1748364,121821660.98150936,0.0,45765822.338604085,245003850,161973350.0,1316734698.4949498
Bank of Communications,Shenergy Group Co Ltd,169169640.17654216,108642045.85651127,114161396.52104732,80815410.36416936,0.0,453803487.7620334,106332000.0,1032923980.6803036
Bank of Communications,Shandong Energy Co Ltd,0.0,147254460.9945712,144189267.02522063,144124701.48294753,158801552.5699131,356518780.57238996,80916760.15482697,1031805522.7998694
Bank of Communications,Inpex Corp,0.0,0.0,0.0,0.0,0.0,0,70000000.0,70000000.0
Bank of Communications,Shaanxi Investment Group Co Ltd,0.0,133702650.0,0.0,44695500.0,45600300.0,69664950,45396000.0,339059400.0
Bank of Communications,Lu'an Chemical Group Co Ltd,49881198.9,95972841.9,48903301.199999996,24131187.599999998,45778625.1,0,25620207.599999998,290287362.3
Bank of Communications,Kailuan Group Ltd Liability Corp,0.0,68227200.0,54793649.349999994,56089732.5,0.0,0,22442550.0,201553131.85
Bank of Communications,China Energy Investment Corp Ltd,36455250.0,91844748.81563063,0.0,231113383.54024193,344789891.1643512,208796868.7466465,10220070.000000002,923220212.2668704
Bank of Communications,Guangdong Hengjian Investment Holding Co Ltd,4119356.83899843,0.0,0.0,0.0,0.0,0,0.0,4119356.83899843
Bank of Communications,Beijing Energy Holding Co Ltd,151623266.36833778,0.0,795211.7366215499,0.0,61930124.11944216,0,0.0,214348602.2244015
Bank of Communications,Inner Mongolia Yitai Investment Co Ltd,151888000.0,0.0,0.0,0.0,0.0,0,0.0,151888000.0
Bank of Communications,Jizhong Energy Group Co Ltd,281068167.5,459593214.0,614195648.0,1002368366.0,283710284.0,0,0.0,2640935679.5
Bank of Communications,Huayang New Material Technology Group Co Ltd,190156500.0,295196500.0,78864500.0,272117875.0,231463500.0,0,0.0,1067798875.0
Bank of Communications,Hebei Construction & Investment Group Co Ltd,115023750.0,0.0,0.0,0.0,0.0,19603875,0.0,134627625.0
Bank of Communications,Zhejiang Provincial Energy Group Co Ltd,82097010.0,50000000.0,42670260.0,0.0,0.0,0,0.0,174767270.0
Bank of Communications,Jinneng Holding Group Co Ltd,0.0,131967579.1688585,639756099.4739611,610885403.2614413,642530409.8632299,0,0.0,2025139491.7674909
Bank of Communications,China National Petroleum Corporation (CNPC),0.0,0.0,0.0,0.0,658431000.0,463440000,0.0,1121871000.0
Bank of Montreal,Glencore PLC,39741920.0,45843750.0,66119984.57588445,111677419.44,254210712.59242278,0,46412903.24,564006689.8483073
Bank of Montreal,PPL Corp,0.0,0.0,0.0,0.0,67499999.73,0,0.0,67499999.73
Bank of Montreal,Suncor Energy Inc,257929000.0,0.0,0.0,0.0,0.0,0,0.0,257929000.0
Bank of Montreal,Arch Resources Inc,0.0,85607143.0,42571429.0,0.0,0.0,0,0.0,128178572.0
Bank of Montreal,Teck Resources Ltd,157162916.83890003,144676000.00000003,62004000.00000001,0.0,160177000.00000003,0,0.0,524019916.8389001
Bank of Montreal,Peabody Energy Corp,0.0,87500000.0,80000000.0,108000000.0,0.0,0,0.0,275500000.0
Bank of Montreal,Harbour Energy PLC,0.0,0.0,0.0,0.0,1125000000.0,0,0.0,1125000000.0
Bank of Montreal,ConocoPhillips,0.0,0.0,228571429.0,0.0,0.0,0,0.0,228571429.0
Bank of Montreal,Chevron Corp,0.0,0.0,0.0,300000000.0,0.0,0,0.0,300000000.0
Barclays,TotalEnergies SE,400134000.0,279909029.087996,170296302.62138212,1744776592.6743505,391165139.1478367,0,280385325.0,3266666388.531565
Barclays,ConocoPhillips,655112497.0,599999997.0,228571429.0,0.0,0.0,0,81818182.0,1565502105.0
Barclays,Glencore PLC,39741920.0,86804279.94755727,87953771.4714256,152216093.0614605,204804316.839527,0,46412903.24,617933284.5599704
Barclays,Occidental Petroleum Corp,589778641.8387928,0.0,620000000.31,2157403619.1974826,667500000.0,0,0.0,4034682261.3462753
Barclays,Petróleos Mexicanos (PEMEX),640000000.0,239565802.50000003,0.0,0.0,561869769.3406818,0,0.0,1441435571.8406818
Barclays,Equinor ASA,333003000.0,0.0,0.0,0.0,1818187917.0,298899358.7219936,0.0,2450090275.7219934
Barclays,NTPC Ltd,103521687.05999999,136492589.7,93000000.0,0.0,0.0,0,0.0,333014276.76
Barclays,Evraz PLC,198969.16965528752,0.0,0.0,0.0,0.0,0,0.0,198969.16965528752
Barclays,Exxon Mobil Corp,3233333000.0,0.0,833333333.0,2650000000.0,5169453332.0,1111111111,0.0,12997230776.0
Barclays,Shell PLC,3943459181.5,0.0,750000000.0,388000000.0,1354590001.0,300000000,0.0,6736049182.5
Barclays,Chevron Corp,738025553.0,666666001.0,0.0,0.0,2171428570.0,0,0.0,3576120124.0
Barclays,Harbour Energy PLC,0.0,0.0,0.0,0.0,0.0,38461538,0.0,38461538.0
Barclays,PPL Corp,345893426.4474668,51101505.38544866,555592500.2700001,376268171.8854487,95815322.11863962,419121806.1559293,0.0,1843792732.2629333
Barclays,Repsol SA,0.0,0.0,0.0,0.0,257420450.22944552,113365880.55449331,0.0,370786330.7839388
Barclays,BHP Group Ltd,0.0,0.0,0.0,57500000.0,2857142.88,0,0.0,60357142.88
Barclays,Adani Group,160422807.85456008,138919270.55785456,77402850.0,101782844.41060668,110982675.59233254,51254906.251633495,0.0,640765354.6669874
Barclays,Teck Resources Ltd,53822916.83890001,0.0,0.0,0.0,0.0,0,0.0,53822916.83890001
BBVA,Petróleos Mexicanos (PEMEX),1057016800.0,1012500000.0000001,814878756.0,1293687644.3400002,561869769.3406818,0,301259319.23748547,5041212288.918168
BBVA,Glencore PLC,39741920.0,45843750.0,66119984.57588445,139222820.33418778,154693338.07504827,50166508.0846446,46412903.24,542201224.3097651
BBVA,Occidental Petroleum Corp,161207213.83879277,0.0,0.0,0.0,0.0,0,0.0,161207213.83879277
BBVA,Repsol SA,331621000.0,54479000.0,0.0,0.0,299934623.9643085,113365880.55449331,0.0,799400504.5188018
BBVA,China Huadian Corp Ltd,0.0,0.0,0.0,0.0,45454545.0,0,0.0,45454545.0
BBVA,TotalEnergies SE,0.0,0.0,0.0,198838847.43514505,382334333.9697838,0,0.0,581173181.4049288
BNP Paribas,TotalEnergies SE,513467333.0,588400626.3703704,118360000.0,331529578.3467929,3896924455.5986114,409208870.09110004,3004482058.33,8862372921.736874
BNP Paribas,Inpex Corp,0.0,455769230.0,0.0,0.0,1050875000.0,0,1690600000.0,3197244230.0
BNP Paribas,Pertamina Persero PT,364285714.0,145833334.0,150000000.0,0.0,0.0,271428571,233333333.0,1164880952.0
BNP Paribas,Glencore PLC,85627248.13840434,45843750.0,101599888.2811388,139222820.33418778,154693338.07504827,0,46412903.24,573399948.0687791
BNP Paribas,Equinor ASA,333003000.0,0.0,0.0,0.0,568187917.0,298899358.7219936,0.0,1200090275.7219937
BNP Paribas,Exxon Mobil Corp,0.0,0.0,0.0,0.0,636120000.0,0,0.0,636120000.0
BNP Paribas,Petróleos Mexicanos (PEMEX),0.0,1023172590.2510507,946316820.0,1040000000.13,561869769.3406818,0,0.0,3571359179.721732
BNP Paribas,POSCO Holdings Inc,0.0,0.0,42425706.4479359,76366271.60628462,63808262.4976956,0,0.0,182600240.55191612
BNP Paribas,Repsol SA,0.0,54479000.0,0.0,0.0,299934623.9643085,113365880.55449331,0.0,467779504.5188018
BNP Paribas,Delek Group Ltd,0.0,0.0,0.0,249811865.05,0.0,78066207.828125,0.0,327878072.878125
BNP Paribas,Chevron Corp,650525553.0,0.0,0.0,0.0,571428570.0,0,0.0,1221954123.0
BNP Paribas,Shell PLC,1335858749.0,0.0,0.0,2218085000.0,4565867688.382341,0,0.0,8119811437.382341
BNP Paribas,Harbour Energy PLC,0.0,0.0,0.0,0.0,1125000000.0,38461538,0.0,1163461538.0
BNP Paribas,Indonesia Asahan Aluminium Persero PT,0.0,0.0,207593795.06917503,0.0,302741253.7627043,68116782.12385519,0.0,578451830.9557346
BNP Paribas,Petróleo Brasileiro SA – Petrobras,0.0,0.0,1372809080.7780037,484149855.907781,503750000.31,459525709.7252309,0.0,2820234646.7210155
BNP Paribas,ITOCHU Corp,0.0,44166668.0,0.0,0.0,0.0,0,0.0,44166668.0
BNP Paribas,PPL Corp,0.0,0.0,81000000.0,0.0,0.0,0,0.0,81000000.0
BNP Paribas,Adani Group,0.0,0.0,0.0,49809160.305343516,0.0,0,0.0,49809160.305343516
BNP Paribas,Kuwait Petroleum Corp,0.0,0.0,0.0,142857143.0,0.0,0,0.0,142857143.0
BNP Paribas,Mitsubishi Corp,0.0,0.0,0.0,0.0,0.0,22675740,0.0,22675740.0
BNP Paribas,AGL Energy Ltd,0.0,0.0,0.0,116841312.68554688,0.0,0,0.0,116841312.68554688
BNP Paribas,BHP Group Ltd,0.0,0.0,0.0,57500000.0,2857142.88,0,0.0,60357142.88
BPCE/Natixis,TotalEnergies SE,113333333.0,279909029.087996,0.0,0.0,382334333.9697838,0,84096733.0,859673429.0577798
BPCE/Natixis,Delek Group Ltd,199849492.04,0.0,0.0,0.0,0.0,0,0.0,199849492.04
BPCE/Natixis,Shell PLC,0.0,0.0,0.0,388000000.0,433608000.0,0,0.0,821608000.0
BPCE/Natixis,Petróleos Mexicanos (PEMEX),640000000.0,78084000.0,0.0,0.0,0.0,0,0.0,718084000.0
BPCE/Natixis,Repsol SA,0.0,0.0,0.0,92681667.0,123600262.21159974,113365880.55449331,0.0,329647809.766093
BPCE/Natixis,Gazprom PJSC,0.0,0.0,0.0,0.0,200000000.0,0,0.0,200000000.0
BPCE/Natixis,Glencore PLC,0.0,0.0,0.0,0.0,0.0,22666666.610000003,0.0,22666666.610000003
BPCE/Natixis,Harbour Energy PLC,0.0,0.0,0.0,0.0,0.0,38461538,0.0,38461538.0
CaixaBank,Inpex Corp,0.0,0.0,0.0,0.0,0.0,0,43000000.0,43000000.0
CaixaBank,Repsol SA,0.0,54479000.0,0.0,92681667.0,133820188.01784576,88661015.77437858,0.0,369641870.79222435
China CITIC Bank,Jinneng Holding Group Co Ltd,61395060.51169008,375919684.9724751,752635719.7972564,969666143.0052824,863133958.6875966,1627442176.144267,1233466278.5223975,5883659021.6409645
China CITIC Bank,China Huaneng Group Co Ltd,441284250.0,92480440.0,361625464.8216262,647187093.9878284,0.0,422381342.3739942,805402592.8051283,2770361183.988577
China CITIC Bank,Beijing Energy Holding Co Ltd,90158025.01097482,0.0,0.0,356628.45749222493,109981229.80842952,138145066.55358118,652201261.801566,990842211.6320438
China CITIC Bank,China Datang Corp,438027595.4019726,0.0,0.0,0.0,0.0,0,519759822.28900945,957787417.6909821
China CITIC Bank,China Huadian Corp Ltd,1080197122.8836787,1394140495.0,1724274235.0,2518344368.9966297,530172282.0,875121430.2427963,516216454.6091976,8638466388.732302
China CITIC Bank,Shaanxi Coal and Chemical Industry Group Co Ltd,0.0,0.0,0.0,0.0,68685688.61644952,53659550,416238391.45000005,538583630.0664495
China CITIC Bank,Shandong Energy Co Ltd,0.0,0.0,0.0,127288665.71716028,97813734.46882018,173991382.34801903,390822075.81967217,789915858.3536717
China CITIC Bank,Shaanxi Yanchang Petroleum Group Co Ltd,589588831.2035561,0.0,0.0,0.0,0.0,0,274257962.84376425,863846794.0473204
China CITIC Bank,Jizhong Energy Group Co Ltd,0.0,135186550.0,84795708.0,389413480.5,163349487.5,0,247432905.0,1020178131.0
China CITIC Bank,Lu'an Chemical Group Co Ltd,49206608.1,72696869.69999999,98330025.3,0.0,23092758.0,116481526.5,190868928.12,550676715.72
China CITIC Bank,Shaanxi Investment Group Co Ltd,0.0,67238100.0,113462400.0,86782650.0,66919200.0,23197950,122727150.0,480327450.0
China CITIC Bank,Guangdong Hengjian Investment Holding Co Ltd,0.0,0.0,64392570.80657915,0.0,0.0,8572777.38331076,102393112.68257618,175358460.8724661
China CITIC Bank,Shaanxi Yulin Energy Group Co Ltd,0.0,0.0,0.0,0.0,0.0,41620831.35170177,71052123.452188,112672954.80388978
China CITIC Bank,China Energy Investment Corp Ltd,1001531858.7812115,437936313.1190897,173622161.5602722,11322320.0,39699463.14742786,21490700.000000004,56484086.0,1742086902.6080012
China CITIC Bank,Kailuan Group Ltd Liability Corp,0.0,0.0,0.0,69759330.0,0.0,11733900,55993950.0,137487180.0
China CITIC Bank,Shanxi Coking Coal Group Co Ltd,0.0,0.0,0.0,0.0,0.0,0,36238149.06925625,36238149.06925625
China CITIC Bank,Huayang New Material Technology Group Co Ltd,0.0,0.0,0.0,55787625.0,0.0,0,0.0,55787625.0
China CITIC Bank,Zhejiang Provincial Energy Group Co Ltd,67997430.0,0.0,0.0,0.0,51399000.0,56380680,0.0,175777110.0
China CITIC Bank,China National Petroleum Corporation (CNPC),0.0,0.0,0.0,744697500.0,1416098778.0,0,0.0,2160796278.0
China CITIC Bank,Hebei Construction & Investment Group Co Ltd,0.0,46298288.241549045,69659242.35739508,88266750.42442635,21737384.457971875,0,0.0,225961665.48134235
China CITIC Bank,State Grid Corp of China,0.0,0.0,218710500.0,0.0,0.0,1337971125,0.0,1556681625.0
China Construction Bank,China National Petroleum Corporation (CNPC),750235000.0,86893800.0,0.0,2161480000.0,1006222833.0,0,1227587500.0,5232419133.0
China Construction Bank,China Huadian Corp Ltd,1099982621.4805555,147224498.25781953,467311278.516207,710018259.380349,1136972359.4909885,754408178.6827646,696704603.7699801,5012621799.578665
China Construction Bank,China Huaneng Group Co Ltd,441892389.85500133,183046940.0,464580737.32457995,250795689.389507,67777778.32,246206081.19319785,643134388.964073,2297434005.046359
China Construction Bank,Jinneng Holding Group Co Ltd,132256230.9310889,826991910.3048769,1160186575.0236716,1007837662.5,1199901368.1637232,550939245.2318022,249302127.18028653,5127415119.335449
China Construction Bank,China Datang Corp,385272556.98831785,0.0,0.0,24593419.999999996,115536938.60519426,372326414.99999994,232564539.7,1130293870.293512
China Construction Bank,Huayang New Material Technology Group Co Ltd,377011500.0,444343750.0,284326650.0,159504900.0,236077050.0,154582000,221808000.0,1877653850.0
China Construction Bank,State Grid Corp of China,778160893.293145,141032511.96588898,117228004.18158512,284592000.0,2051166542.6482458,1390706706.4698837,209350500.0,4972237158.558748
China Construction Bank,Guangdong Hengjian Investment Holding Co Ltd,20876499.806678604,170101438.03332818,276020982.0,102733920.0,0.0,10469433.830021484,135947221.28250194,716149494.9525303
China Construction Bank,Shaanxi Coal and Chemical Industry Group Co Ltd,263560410.0,463666716.71822226,306987800.4515158,127967104.08949474,199117358.40375757,163269400,110388250.0,1634957039.6629903
China Construction Bank,Shaanxi Yulin Energy Group Co Ltd,0.0,0.0,0.0,0.0,0.0,41620831.35170177,71052123.452188,112672954.80388978
China Construction Bank,China Energy Investment Corp Ltd,2376573366.9795337,780436325.9705926,44769655.61396049,123268981.97435948,354332946.1217949,270262540.4844135,50696858.00000001,4000340675.1446543
China Construction Bank,Shandong Energy Co Ltd,0.0,247854818.85108566,151148397.4986339,148679360.27544808,77002628.76485947,57508851.657875046,45145465.07285975,727339522.1207619
China Construction Bank,Hebei Construction & Investment Group Co Ltd,0.0,0.0,0.0,0.0,43223666.63193145,77711500,36867000.0,157802166.63193145
China Construction Bank,Shaanxi Yanchang Petroleum Group Co Ltd,436384386.3044536,145795805.67168638,600062394.3787228,242511561.18497398,138263850.955164,0,0.0,1563017998.4950006
China Construction Bank,Anhui Province Wanbei Coal-Electricity Group Co Ltd,0.0,3842225.0,12995480.0,0.0,0.0,0,0.0,16837705.0
China Construction Bank,Shaanxi Investment Group Co Ltd,0.0,0.0,0.0,0.0,0.0,69246495,0.0,69246495.0
China Construction Bank,Inpex Corp,0.0,230769230.0,0.0,0.0,0.0,0,0.0,230769230.0
China Construction Bank,BHP Group Ltd,0.0,0.0,0.0,57500000.0,2857142.88,0,0.0,60357142.88
China Construction Bank,China ZhenHua Oil Co Ltd,66888450.0,0.0,0.0,0.0,0.0,0,0.0,66888450.0
China Construction Bank,Jizhong Energy Group Co Ltd,388330920.0,444069066.0,254616813.0,988944488.62,399130266.0,0,0.0,2475091553.62
China Construction Bank,Elion Resources Group Ltd,0.0,37648250.0,37634250.0,36265500.0,0.0,0,0.0,111548000.0
China Construction Bank,Shenergy Group Co Ltd,95565174.42986982,0.0,0.0,135263700.0,69763500.0,0,0.0,300592374.42986983
China Construction Bank,Kailuan Group Ltd Liability Corp,157886850.0,0.0,0.0,21229950.0,0.0,0,0.0,179116800.0
China Construction Bank,Lu'an Chemical Group Co Ltd,49238654.4,140775187.8,0.0,24074378.25,23092758.0,0,0.0,237180978.45000002
China Construction Bank,Beijing Energy Holding Co Ltd,0.0,0.0,0.0,0.0,108916500.0,77331000,0.0,186247500.0
China Construction Bank,Zhejiang Provincial Energy Group Co Ltd,175312890.0,115291400.0,178825050.0,314467560.0,314905500.0,198764775,0.0,1297567175.0
China Everbright Bank,Jinneng Holding Group Co Ltd,0.0,131292844.29247764,569227298.432404,560359875.0,2198952803.0439954,2827899511.164584,1703385195.8280892,7991117527.761551
China Everbright Bank,State Grid Corp of China,751692500.0,0.0,0.0,223443000.0,1303199500.0,1163467250,769662250.0,4211464500.0
China Everbright Bank,Huayang New Material Technology Group Co Ltd,299238500.0,555829250.0,654681000.0,458088500.0,556253625.0,155656500,360840125.0,3040587500.0
China Everbright Bank,China Energy Investment Corp Ltd,0.0,0.0,0.0,11587840.0,41652336.504193515,10750740.000000002,352951747.8939255,416942664.398119
China Everbright Bank,China Datang Corp,385002357.9920399,160854159.25363934,332368718.4960602,0.0,0.0,321867750,238801008.27477905,1438893994.0165186
China Everbright Bank,Beijing Energy Holding Co Ltd,142537783.43916738,43462226.33065308,261593288.62848026,151787066.0560072,276904624.00821406,339717847.47765326,223892537.59950018,1439895373.5396755
China Everbright Bank,Jizhong Energy Group Co Ltd,0.0,443858038.0,345255220.0,263053740.0,127174770.0,0,116959528.0,1296301296.0
China Everbright Bank,China Huaneng Group Co Ltd,273030780.0,92480440.0,0.0,0.0,43614085.0,0,84837679.91522692,493962984.91522694
China Everbright Bank,Lu'an Chemical Group Co Ltd,192453245.39999998,240690372.0,98449470.6,72126834.0,46231805.1,0,76831813.5,726783540.6
China Everbright Bank,China Huadian Corp Ltd,1024436424.6377958,894023986.3500398,180787733.9658207,822047057.9361781,442242468.0,346667520.41329277,69660050.77519223,3779865242.0783195
China Everbright Bank,Zhejiang Provincial Energy Group Co Ltd,0.0,0.0,0.0,0.0,0.0,45454545,0.0,45454545.0
China Everbright Bank,Shandong Energy Co Ltd,0.0,43541270.67395265,98891508.54226297,63201013.326449916,52328345.14360504,4395581.018436309,0.0,262357718.7047069
China Everbright Bank,Inner Mongolia Yitai Investment Co Ltd,0.0,0.0,145841000.0,145945000.0,0.0,0,0.0,291786000.0
China Everbright Bank,Xin Jiang Guang Hui Industry Investment Group Co Ltd,0.0,0.0,0.0,0.0,16961745.675144583,0,0.0,16961745.675144583
China Everbright Bank,Shaanxi Coal and Chemical Industry Group Co Ltd,0.0,0.0,0.0,0.0,46568672.07170913,0,0.0,46568672.07170913
China Everbright Bank,Hebei Construction & Investment Group Co Ltd,0.0,0.0,0.0,0.0,0.0,39070250,0.0,39070250.0
China Everbright Bank,Shaanxi Investment Group Co Ltd,0.0,0.0,0.0,0.0,0.0,34848225,0.0,34848225.0
China Everbright Bank,Anhui Province Wanbei Coal-Electricity Group Co Ltd,0.0,0.0,0.0,0.0,35347250.0,0,0.0,35347250.0
China Everbright Bank,China National Petroleum Corporation (CNPC),0.0,0.0,0.0,0.0,1419870000.0,0,0.0,1419870000.0
China Merchants Bank,China Huaneng Group Co Ltd,371007285.0,92264680.0,268407017.34570605,0.0,177735381.24055588,387602040.1060642,613948217.534219,1910964621.226545
China Merchants Bank,China Huadian Corp Ltd,1083411456.8026257,547537788.7375001,1100482958.490979,997004451.9587308,737139648.4296396,637247693.0480474,421843007.32992834,5524667004.797451
China Merchants Bank,Shenergy Group Co Ltd,0.0,0.0,0.0,0.0,0.0,185087794.65666193,389158249.36260504,574246044.019267
China Merchants Bank,State Grid Corp of China,181810000.0,0.0,0.0,0.0,0.0,348976250,355497750.0,886284000.0
China Merchants Bank,Beijing Energy Holding Co Ltd,462463738.7916039,588393190.0988611,389619606.691092,303807687.56974757,328473316.13387173,44902322.54237781,264893592.69391897,2382553454.5214734
China Merchants Bank,Shandong Energy Co Ltd,0.0,122099472.97854087,51956359.52450341,0.0,93606627.65726624,293617913.84154266,207971839.2506956,769252213.2525488
China Merchants Bank,Shaanxi Yanchang Petroleum Group Co Ltd,436384386.3044536,145795805.67168638,687484337.2622316,324655212.7394876,1069369103.3102756,905694979.1884191,176349645.56805497,3745733470.044609
China Merchants Bank,China Energy Investment Corp Ltd,433538458.07252616,91844748.81563063,313032471.0060777,129947911.66051787,39995572.40340825,629134190.6436017,124508345.00000001,1762001697.6017623
China Merchants Bank,Shaanxi Coal and Chemical Industry Group Co Ltd,134257530.0,0.0,127675054.32165125,209373771.89213216,0.0,108141250,107627450.0,687075056.2137834
China Merchants Bank,China Datang Corp,0.0,226466419.55521837,906708780.8848996,84706170.0,743473414.4212501,829639102.2722731,73817433.1379645,2864811320.271606
China Merchants Bank,Shaanxi Investment Group Co Ltd,0.0,44503050.0,44721150.0,55541700.0,0.0,23047050,63128250.0,230941200.0
China Merchants Bank,Inner Mongolia Yitai Investment Co Ltd,0.0,0.0,0.0,0.0,0.0,0,43656900.0,43656900.0
China Merchants Bank,Hebei Construction & Investment Group Co Ltd,0.0,0.0,0.0,0.0,0.0,0,34652500.0,34652500.0
China Merchants Bank,Kailuan Group Ltd Liability Corp,0.0,0.0,0.0,0.0,0.0,0,29091279.699999996,29091279.699999996
China Merchants Bank,Lu'an Chemical Group Co Ltd,146394619.8,144581737.95,197839613.4,48155877.9,92009459.1,215818622.4,24183788.849999998,868983719.4
China Merchants Bank,Guangdong Hengjian Investment Holding Co Ltd,0.0,155752612.5,0.0,120817290.0,117162800.0,0,6249180.271078372,399981882.77107835
China Merchants Bank,Huayang New Material Technology Group Co Ltd,0.0,72093500.0,0.0,0.0,0.0,0,0.0,72093500.0
China Merchants Bank,Hubei Yihua Chemical Industry Co Ltd,10218036.92,0.0,0.0,0.0,0.0,0,0.0,10218036.92
China Merchants Bank,Zhejiang Provincial Energy Group Co Ltd,0.0,0.0,0.0,52383600.0,103570920.0,184622625,0.0,340577145.0
China Merchants Bank,China National Petroleum Corporation (CNPC),0.0,0.0,0.0,40077500.0,31327778.0,0,0.0,71405278.0
China Merchants Bank,Jinneng Holding Group Co Ltd,1408371310.4525845,276190800.0,860123416.0967911,678368875.0,130223831.14150447,204838445.0026302,0.0,3558116677.69351
China Merchants Bank,Jizhong Energy Group Co Ltd,0.0,0.0,0.0,126396465.0,0.0,0,0.0,126396465.0
China Merchants Bank,China ZhenHua Oil Co Ltd,66888450.0,0.0,0.0,0.0,0.0,0,0.0,66888450.0
China Merchants Bank,Xin Jiang Guang Hui Industry Investment Group Co Ltd,146093030.280204,0.0,143643474.4949032,0.0,0.0,51219603.161813155,0.0,340956107.93692034
China Minsheng Bank,Huayang New Material Technology Group Co Ltd,153330000.0,223351500.0,0.0,55787625.0,0.0,115674000,336172000.0,884315125.0
China Minsheng Bank,State Grid Corp of China,0.0,0.0,0.0,222724500.0,1614403750.0,0,179092500.0,2016220750.0
China Minsheng Bank,China Datang Corp,0.0,0.0,0.0,0.0,31853392.213329956,16959800,179011852.96048936,227825045.1738193
China Minsheng Bank,Jinneng Holding Group Co Ltd,224813858.31956202,0.0,316046070.4042089,134736600.0,272255977.90636504,354535388.742767,76331237.29816113,1378719132.671064
China Minsheng Bank,Shaanxi Investment Group Co Ltd,0.0,0.0,0.0,0.0,0.0,0,43113300.0,43113300.0
China Minsheng Bank,Lu'an Chemical Group Co Ltd,0.0,48707462.699999996,0.0,0.0,45695596.05,116913454.49999999,37667512.35,248984025.6
China Minsheng Bank,Xin Jiang Guang Hui Industry Investment Group Co Ltd,0.0,0.0,0.0,9959424.990100255,0.0,0,13464758.599320069,23424183.589420326
China Minsheng Bank,Hebei Construction & Investment Group Co Ltd,0.0,0.0,0.0,0.0,0.0,19603875,0.0,19603875.0
China Minsheng Bank,China Huadian Corp Ltd,75082507.5,0.0,0.0,0.0,81754423.17419462,247322858.23930955,0.0,404159788.9135042
China Minsheng Bank,China Huaneng Group Co Ltd,197957760.0,0.0,0.0,0.0,141795879.82,43816704.83571821,0.0,383570344.6557182
China Minsheng Bank,Shaanxi Coal and Chemical Industry Group Co Ltd,0.0,105030047.06903051,237413065.02544254,84058787.82041784,0.0,0,0.0,426501899.9148909
China Minsheng Bank,China National Petroleum Corporation (CNPC),0.0,0.0,729480000.0,8019020000.0,4945185000.0,0,0.0,13693685000.0
China Minsheng Bank,Beijing Energy Holding Co Ltd,173819992.41955802,0.0,303230077.28359526,0.0,0.0,0,0.0,477050069.70315325
China Minsheng Bank,Jizhong Energy Group Co Ltd,0.0,0.0,0.0,0.0,126731550.0,0,0.0,126731550.0
China Minsheng Bank,Shandong Energy Co Ltd,0.0,43541270.67395265,109864198.23542805,80967878.41530055,113942406.8705061,4395581.018436309,0.0,352711335.21362364
China Minsheng Bank,Shanxi Coking Coal Group Co Ltd,0.0,0.0,0.0,183856199.6159256,190382688.56766734,0,0.0,374238888.1835929
China Minsheng Bank,China Coal Xinji Energy Co Ltd,0.0,0.0,72789500.0,0.0,0.0,0,0.0,72789500.0
China Minsheng Bank,Zhejiang Provincial Energy Group Co Ltd,0.0,0.0,0.0,0.0,0.0,45454545,0.0,45454545.0
China Minsheng Bank,Guangdong Hengjian Investment Holding Co Ltd,0.0,3098346.392008993,0.0,90214567.5,355108571.7305,0,0.0,448421485.622509
China Minsheng Bank,Kailuan Group Ltd Liability Corp,0.0,0.0,0.0,8537760.0,0.0,0,0.0,8537760.0
CIBC,Suncor Energy Inc,1753344196.0,1026431200.0,0.0,1465793125.0,298535833.0,1362235833,0.0,5906340187.0
CIBC,Glencore PLC,39741920.0,0.0,0.0,0.0,0.0,0,0.0,39741920.0
CIBC,Equinor ASA,0.0,0.0,0.0,0.0,0.0,298899358.7219936,0.0,298899358.7219936
CIBC,Teck Resources Ltd,157162916.83890003,919726000.0000001,1095404000.0000002,1033400000.0000001,0.0,1033400000.0000001,0.0,4239092916.8389006
CIBC,BHP Group Ltd,0.0,0.0,0.0,57500000.0,2857142.88,0,0.0,60357142.88
CIBC,PPL Corp,0.0,0.0,0.0,81000000.0,162000000.0,0,0.0,243000000.0
Citi,Petróleos Mexicanos (PEMEX),1777016800.0,163333333.0,800000000.0,1228687644.73,0.0,1464430438.6269908,1706265455.1110272,7139733671.468018
Citi,ConocoPhillips,375000000.0,599999997.0,600000000.0,0.0,0.0,0,813636364.0,2388636361.0
Citi,Inpex Corp,40000000.0,0.0,0.0,0.0,0.0,0,505000000.0,545000000.0
Citi,Hess Corporation,0.0,0.0,0.0,0.0,250000000.0,0,464285714.0,714285714.0
Citi,TotalEnergies SE,400134000.0,0.0,596683577.4358463,747687260.2846265,330903029.71102625,409208870.09110004,280385325.0,2765002062.522599
Citi,China Datang Corp,0.0,0.0,0.0,0.0,0.0,0,89710221.46000001,89710221.46000001
Citi,Glencore PLC,39741920.0,86804279.94755727,79766101.38559766,111677419.44,254210712.59242278,46934346.17471515,46412903.24,665547682.7802929
Citi,Shandong Energy Co Ltd,0.0,0.0,21278867.0,0.0,0.0,0,41865855.32786885,63144722.32786885
Citi,Shenergy Group Co Ltd,0.0,0.0,0.0,0.0,0.0,0,35271222.85406535,35271222.85406535
Citi,NTPC Ltd,93000000.0,403794823.5,0.0,0.0,0.0,0,0.0,496794823.5
Citi,Alliance Resource Partners LP,0.0,257020833.0,0.0,0.0,91900000.0,0,0.0,348920833.0
Citi,POSCO Holdings Inc,145150542.71275187,0.0,0.0,33940565.158348724,63808262.4976956,0,0.0,242899370.3687962
Citi,Equinor ASA,0.0,0.0,0.0,250000000.0,1250000000.0,298899358.7219936,0.0,1798899358.7219937
Citi,Bulgarian Energy Holding EAD,0.0,0.0,158657228.8,0.0,0.0,80590201.2,0.0,239247430.0
Citi,Peabody Energy Corp,800000000.0,0.0,0.0,0.0,0.0,0,0.0,800000000.0
Citi,Evraz PLC,0.0,358144.5068120955,0.0,319469.0975300091,0.0,0,0.0,677613.6043421046
Citi,Petróleo Brasileiro SA – Petrobras,0.0,1473333327.8300002,1372809080.7780037,1269612697.590778,1072891121.31,459525709.7252309,0.0,5648171937.234013
Citi,Exxaro Resources Ltd,307276057.63759154,0.0,0.0,0.0,0.0,0,0.0,307276057.63759154
Citi,Exxon Mobil Corp,3233333000.0,0.0,833333333.0,2650000000.0,7502786665.0,1111111111,0.0,15330564109.0
Citi,Shell PLC,1583333333.0,0.0,0.0,388000000.0,500000000.0,300000000,0.0,2771333333.0
Citi,Occidental Petroleum Corp,730977460.8023555,333333333.0,1245000000.31,8254413847.364279,445000000.0,356000000,0.0,11364724641.476635
Citi,PPL Corp,308768696.4474668,147289005.38544866,461092500.00000006,376268171.8854487,193015322.11863962,131625000.00000001,0.0,1618058695.837004
Citi,BHP Group Ltd,0.0,0.0,0.0,57500000.0,2857142.88,0,0.0,60357142.88
Citi,Teck Resources Ltd,53822916.83890001,0.0,0.0,0.0,0.0,0,0.0,53822916.83890001
Citi,Indian Oil Corp Ltd,0.0,0.0,0.0,178200000.0,0.0,0,0.0,178200000.0
Citi,Xin Jiang Guang Hui Industry Investment Group Co Ltd,0.0,0.0,0.0,2214208.264781503,2196517.68204175,2391877.99871169,0.0,6802603.945534943
Citi,Indika Energy Tbk PT,0.0,414968898.267,0.0,0.0,0.0,0,0.0,414968898.267
Citi,Indonesia Asahan Aluminium Persero PT,0.0,0.0,207593795.06917503,0.0,302741253.7627043,0,0.0,510335048.8318794
Citi,ITOCHU Corp,117397398.89999999,117397398.89999999,117397398.89999999,117397398.89999999,117397398.89999999,117397398.89999999,0.0,704384393.4
Citi,Jinneng Holding Group Co Ltd,0.0,37693744.47533107,0.0,0.0,0.0,0,0.0,37693744.47533107
Citi,Pertamina Persero PT,214285714.0,145833334.0,0.0,0.0,590000000.0,271428571,0.0,1221547619.0
Citi,Adani Group,0.0,54135338.21052632,0.0,51973684.10526316,72280875.59233254,51254906.251633495,0.0,229644804.1597555
Citi,QatarEnergy,0.0,0.0,0.0,0.0,0.0,1744444445,0.0,1744444445.0
Citi,Kuwait Petroleum Corp,0.0,0.0,0.0,142857143.0,0.0,0,0.0,142857143.0
Citi,Repsol SA,0.0,54479000.0,0.0,92681667.0,299934623.9643085,88661015.77437858,0.0,535756306.7386871
Citi,Arch Resources Inc,0.0,85607143.0,42571429.0,0.0,96750000.0,0,0.0,224928572.0
Citi,Chevron Corp,1350525553.0,1027375334.0,800000000.0,100000000.0,2171428570.0,0,0.0,5449329457.0
Citi,State Grid Corp of China,16137143.293145109,141032511.96588898,78708623.79805605,0.0,86431042.64824593,38201956.469883725,0.0,360511278.17521983
Citi,Suncor Energy Inc,0.0,250000000.0,0.0,0.0,0.0,125000000,0.0,375000000.0
Citi,Mitsubishi Corp,92534816.02844544,20000000.0,0.0,162648789.76945883,24584973.767413013,33310073.13712327,0.0,333078652.70244056
Citi,China Huadian Corp Ltd,0.0,0.0,0.0,36983433.43777198,0.0,0,0.0,36983433.43777198
Citi,China Huaneng Group Co Ltd,0.0,0.0,0.0,0.0,67777778.32,81110877.89935899,0.0,148888656.21935898
Citi,China National Petroleum Corporation (CNPC),0.0,0.0,0.0,0.0,133333333.0,0,0.0,133333333.0
Citi,Yangcheng County Yangtai Group Industrial Co Ltd,0.0,0.0,0.0,0.0,39513103.5816835,0,0.0,39513103.5816835
Commerzbank,Glencore PLC,39741920.0,45843750.0,66119984.57588445,152216093.0614605,154693338.07504827,50166508.0846446,46412903.24,555194497.0370378
Commerzbank,Repsol SA,0.0,0.0,0.0,0.0,0.0,113365880.55449331,0.0,113365880.55449331
Commerzbank,Shell PLC,0.0,47690190.0,0.0,0.0,0.0,0,0.0,47690190.0
Commerzbank,TotalEnergies SE,0.0,0.0,118360000.0,0.0,0.0,0,0.0,118360000.0
Commerzbank,Gazprom PJSC,152698629.17917126,0.0,0.0,251956043.45878753,0.0,0,0.0,404654672.63795877
Commerzbank,Inpex Corp,0.0,230769230.0,0.0,0.0,0.0,0,0.0,230769230.0
Commerzbank,Mitsubishi Corp,0.0,0.0,0.0,0.0,0.0,22675740,0.0,22675740.0
Commonwealth Bank,Glencore PLC,39741920.0,45843750.0,66119984.57588445,111677419.44,154693338.07504827,0,46412903.24,464489315.33093274
Commonwealth Bank,State Grid Corp of China,38999123.01571421,75434671.88420267,53157766.740713716,0.0,28838180.906553477,0,0.0,196429742.54718408
Commonwealth Bank,Inpex Corp,0.0,0.0,0.0,0.0,1050875000.0,0,0.0,1050875000.0
Crédit Agricole,TotalEnergies SE,875777708.0,0.0,553561283.7409039,1032069062.4864821,3946839091.514677,409208870.09110004,2640000000.33,9457456016.163162
Crédit Agricole,Inpex Corp,0.0,455769230.0,0.0,0.0,1050875000.0,0,380000000.0,1886644230.0
Crédit Agricole,Pertamina Persero PT,0.0,0.0,0.0,0.0,590000000.0,271428571,277777777.0,1139206348.0
Crédit Agricole,Glencore PLC,39741920.0,45843750.0,66119984.57588445,197221383.6724888,154693338.07504827,72833174.6946446,46412903.24,622866454.2580662
Crédit Agricole,Petróleo Brasileiro SA – Petrobras,0.0,259999994.8,1372809080.7780037,629394812.6801152,0.0,459525709.7252309,0.0,2721729597.9833493
Crédit Agricole,ConocoPhillips,375000000.0,0.0,0.0,0.0,0.0,0,0.0,375000000.0
Crédit Agricole,Shell PLC,0.0,0.0,0.0,388000000.0,0.0,0,0.0,388000000.0
Crédit Agricole,Equinor ASA,0.0,0.0,0.0,0.0,0.0,298899358.7219936,0.0,298899358.7219936
Crédit Agricole,Gazprom PJSC,0.0,169712701.61894816,0.0,131944443.6,643367500.0,0,0.0,945024645.2189481
Crédit Agricole,Petróleos Mexicanos (PEMEX),696296000.0,1023172590.2510507,0.0,975000000.52,0.0,0,0.0,2694468590.7710505
Crédit Agricole,Harbour Energy PLC,0.0,0.0,0.0,0.0,0.0,38461538,0.0,38461538.0
Crédit Agricole,POSCO Holdings Inc,0.0,21104231.536263432,0.0,21162449.787679546,0.0,0,0.0,42266681.323942974
Crédit Agricole,Repsol SA,0.0,0.0,0.0,0.0,123600262.21159974,113365880.55449331,0.0,236966142.76609305
Crédit Agricole,ITOCHU Corp,0.0,44166668.0,0.0,0.0,0.0,0,0.0,44166668.0
Crédit Agricole,BHP Group Ltd,0.0,0.0,0.0,57500000.0,2857142.88,0,0.0,60357142.88
Crédit Agricole,State Grid Corp of China,0.0,0.0,0.0,0.0,0.0,38201956.469883725,0.0,38201956.469883725
Crédit Agricole,China National Petroleum Corporation (CNPC),0.0,0.0,0.0,0.0,133333333.0,0,0.0,133333333.0
Crédit Agricole,Kuwait Petroleum Corp,0.0,0.0,0.0,142857143.0,0.0,0,0.0,142857143.0
Credit Suisse,ConocoPhillips,451605000.0,0.0,600000000.0,0.0,0.0,0,813636364.0,1865241364.0
Credit Suisse,Glencore PLC,60704984.05490421,86804279.94755727,79370138.0184216,214534871.0048286,185513153.6819498,15423564.83993489,46412903.24,688763894.7875963
Credit Suisse,China Huadian Corp Ltd,0.0,26933805.601961363,171984027.33471888,0.0,0.0,0,0.0,198917832.93668026
Credit Suisse,China Huaneng Group Co Ltd,165000000.0,0.0,0.0,0.0,90785206.48301058,0,0.0,255785206.4830106
Credit Suisse,Peabody Energy Corp,0.0,1223961680.0,80000000.0,0.0,0.0,0,0.0,1303961680.0
Credit Suisse,QatarEnergy,0.0,0.0,0.0,0.0,0.0,944444445,0.0,944444445.0
Credit Suisse,Chevron Corp,0.0,112629612.0,0.0,0.0,0.0,0,0.0,112629612.0
Credit Suisse,Arch Resources Inc,0.0,85607143.0,42571429.0,0.0,0.0,0,0.0,128178572.0
Credit Suisse,Adani Group,74565309.16030535,22556390.842105262,0.0,49809160.305343516,21531100.42105263,0,0.0,168461960.72880676
Credit Suisse,Petróleo Brasileiro SA – Petrobras,0.0,0.0,0.0,0.0,596266121.31,0,0.0,596266121.31
Credit Suisse,PPL Corp,131625000.00000001,0.0,81000000.0,0.0,162000000.0,0,0.0,374625000.0
Credit Suisse,Evraz PLC,0.0,0.0,0.0,319469.0975300091,0.0,0,0.0,319469.0975300091
Credit Suisse,Gazprom PJSC,0.0,0.0,0.0,0.0,0.0,136103750,0.0,136103750.0
Credit Suisse,Petróleos Mexicanos (PEMEX),91615500.0,0.0,0.0,0.0,0.0,0,0.0,91615500.0
Credit Suisse,Repsol SA,0.0,0.0,0.0,0.0,0.0,113365880.55449331,0.0,113365880.55449331
Credit Suisse,Shell PLC,0.0,0.0,0.0,388000000.0,0.0,0,0.0,388000000.0
Credit Suisse,Titan Infra Energy PT,0.0,0.0,0.0,135000000.0,0.0,0,0.0,135000000.0
Credit Suisse,TotalEnergies SE,762444375.0,0.0,97622633.54966089,198838847.43514505,341250503.2317707,0,0.0,1400156359.2165766
Credit Suisse,State Grid Corp of China,0.0,141032511.96588898,78708623.79805605,0.0,0.0,0,0.0,219741135.76394504
Credit Suisse,Huayang New Material Technology Group Co Ltd,0.0,0.0,217896969.945,0.0,0.0,0,0.0,217896969.945
Deutsche Bank,TotalEnergies SE,701456250.0,279909029.087996,137700611.3313502,0.0,691823894.8674514,0,280385325.0,2091275110.2867978
Deutsche Bank,Hebei Construction & Investment Group Co Ltd,0.0,0.0,0.0,0.0,18618369.929155346,0,221020840.03204706,239639209.9612024
Deutsche Bank,Electricity Generating PCL,0.0,0.0,0.0,0.0,0.0,0,104003337.60944258,104003337.60944258
Deutsche Bank,Jinneng Holding Group Co Ltd,0.0,0.0,0.0,0.0,47397486.29007648,127947984,96196488.09151398,271541958.3815905
Deutsche Bank,Glencore PLC,39741920.0,86804279.94755727,79370138.0184216,139222820.33418778,254210712.59242278,69601012.78471515,46412903.24,715363786.9173045
Deutsche Bank,Petróleos Mexicanos (PEMEX),496296000.0,1084767525.27,744200100.0,0.0,0.0,0,0.0,2325263625.27
Deutsche Bank,ConocoPhillips,375000000.0,0.0,0.0,0.0,0.0,0,0.0,375000000.0
Deutsche Bank,QatarEnergy,0.0,0.0,0.0,0.0,0.0,1744444445,0.0,1744444445.0
Deutsche Bank,Delek Group Ltd,0.0,0.0,0.0,0.0,0.0,78066207.828125,0.0,78066207.828125
Deutsche Bank,Chevron Corp,32343750.0,0.0,0.0,0.0,0.0,0,0.0,32343750.0
Deutsche Bank,Teck Resources Ltd,53822916.83890001,0.0,0.0,0.0,0.0,0,0.0,53822916.83890001
Deutsche Bank,Occidental Petroleum Corp,428571428.0,0.0,0.0,0.0,0.0,0,0.0,428571428.0
Deutsche Bank,Pertamina Persero PT,0.0,0.0,150000000.0,375000000.0,0.0,0,0.0,525000000.0
Deutsche Bank,BHP Group Ltd,0.0,0.0,0.0,57500000.0,2857142.88,0,0.0,60357142.88
Deutsche Bank,State Grid Corp of China,0.0,141032511.96588898,78708623.79805605,0.0,86431042.64824593,38201956.469883725,0.0,344374134.8820747
Deutsche Bank,Equinor ASA,333003000.0,0.0,0.0,0.0,0.0,298899358.7219936,0.0,631902358.7219937
Deutsche Bank,Evraz PLC,0.0,358144.5068120955,0.0,0.0,0.0,0,0.0,358144.5068120955
Deutsche Bank,Exxaro Resources Ltd,0.0,59119623.84232538,0.0,0.0,0.0,0,0.0,59119623.84232538
Deutsche Bank,Exxon Mobil Corp,0.0,0.0,0.0,0.0,1886120000.0,1111111111,0.0,2997231111.0
Deutsche Bank,Gazprom PJSC,277081515.35,546415962.4005654,177408433.24882576,0.0,0.0,0,0.0,1000905910.9993912
Deutsche Bank,NTPC Ltd,263658188.97,0.0,0.0,0.0,0.0,0,0.0,263658188.97
Deutsche Bank,Peabody Energy Corp,0.0,0.0,80000000.0,108000000.0,0.0,0,0.0,188000000.0
Deutsche Bank,Petróleo Brasileiro SA – Petrobras,0.0,0.0,0.0,0.0,132857142.99000001,0,0.0,132857142.99000001
Deutsche Bank,Repsol SA,0.0,0.0,0.0,0.0,133820188.01784576,88661015.77437858,0.0,222481203.79222435
Deutsche Bank,Huayang New Material Technology Group Co Ltd,0.0,0.0,217896969.945,0.0,0.0,0,0.0,217896969.945
Deutsche Bank,Indika Energy Tbk PT,0.0,0.0,0.0,0.0,222304766.92875004,0,0.0,222304766.92875004
Deutsche Bank,Shandong Energy Co Ltd,0.0,304956864.5844176,224833969.09301722,0.0,52328345.14360504,43955810.1843631,0.0,626074989.0054029
Deutsche Bank,Shanxi Coking Coal Group Co Ltd,0.0,121847273.73,0.0,0.0,0.0,0,0.0,121847273.73
Deutsche Bank,Shell PLC,3148358749.0,0.0,0.0,388000000.0,500000000.0,0,0.0,4036358749.0
Deutsche Bank,Bayan Resources Tbk PT,0.0,0.0,0.0,0.0,200000000.0,0,0.0,200000000.0
Deutsche Bank,Adani Group,0.0,0.0,0.0,145579923.3627963,72280875.59233254,12179946.041107178,0.0,230040744.99623603
Deutsche Bank,China National Petroleum Corporation (CNPC),0.0,174336000.0,0.0,0.0,0.0,0,0.0,174336000.0
Deutsche Bank,Lu'an Chemical Group Co Ltd,0.0,0.0,0.0,54213985.550400004,0.0,0,0.0,54213985.550400004
DZ Bank,Indian Oil Corp Ltd,0.0,74969845.57638086,0.0,0.0,0.0,0,0.0,74969845.57638086
DZ Bank,TotalEnergies SE,0.0,75000000.0,0.0,0.0,0.0,0,0.0,75000000.0
Goldman Sachs,Hess Corporation,673750000.0,740000000.0,0.0,700000000.0,250000000.0,700000000,464285714.0,3528035714.0
Goldman Sachs,Peabody Energy Corp,0.0,870041667.0,80000000.0,0.0,0.0,0,160000000.0,1110041667.0
Goldman Sachs,Glencore PLC,0.0,0.0,0.0,0.0,0.0,0,114349353.14,114349353.14
Goldman Sachs,Delek Group Ltd,0.0,0.0,0.0,0.0,0.0,0,59741850.0,59741850.0
Goldman Sachs,China National Petroleum Corporation (CNPC),250531425.0,419726000.0,453494286.0,0.0,0.0,0,0.0,1123751711.0
Goldman Sachs,China Energy Investment Corp Ltd,0.0,0.0,228422233.16771567,38735676.81255595,0.0,0,0.0,267157909.9802716
Goldman Sachs,State Grid Corp of China,150085052.1719373,141032511.96588898,78708623.79805605,0.0,86431042.64824593,38201956.469883725,0.0,494459187.054012
Goldman Sachs,ConocoPhillips,280112497.0,0.0,0.0,0.0,0.0,0,0.0,280112497.0
Goldman Sachs,Arch Resources Inc,0.0,0.0,0.0,0.0,96750000.0,0,0.0,96750000.0
Goldman Sachs,POSCO Holdings Inc,44518915.79542806,0.0,0.0,0.0,0.0,0,0.0,44518915.79542806
Goldman Sachs,Repsol SA,0.0,54479000.0,0.0,92681667.0,289714698.15806246,202026896.3288719,0.0,638902261.4869344
Goldman Sachs,Shandong Energy Co Ltd,0.0,73259683.64060515,36629841.820302576,63201013.326449916,26639884.693821207,0,0.0,199730423.48117882
Goldman Sachs,Teck Resources Ltd,53822916.83890001,0.0,0.0,0.0,160177000.00000003,0,0.0,213999916.83890003
Goldman Sachs,Mitsubishi Corp,0.0,0.0,0.0,0.0,0.0,85972237.37474473,0.0,85972237.37474473
Goldman Sachs,Shell PLC,1583333333.0,0.0,0.0,2218085000.0,0.0,0,0.0,3801418333.0
Goldman Sachs,Chevron Corp,968181803.0,0.0,0.0,0.0,0.0,0,0.0,968181803.0
Goldman Sachs,Equinor ASA,0.0,0.0,333333000.0,250000000.0,568187917.0,298899358.7219936,0.0,1450420275.7219937
Goldman Sachs,Petróleo Brasileiro SA – Petrobras,0.0,0.0,0.0,484149855.907781,596266121.31,196939589.6196557,0.0,1277355566.8374367
Goldman Sachs,Petróleos Mexicanos (PEMEX),0.0,0.0,0.0,975000000.52,337121861.60440904,1464430438.6269908,0.0,2776552300.7514
Goldman Sachs,PPL Corp,0.0,101250000.0,0.0,81000000.0,95815322.11863962,0,0.0,278065322.1186396
Goldman Sachs,QatarEnergy,0.0,0.0,0.0,0.0,0.0,1744444445,0.0,1744444445.0
Goldman Sachs,BHP Group Ltd,0.0,0.0,0.0,57500000.0,2857142.88,0,0.0,60357142.88
Goldman Sachs,TotalEnergies SE,762444375.0,0.0,161482293.6949426,530368425.78193796,341250503.2317707,409208870.09110004,0.0,2204754467.7997513
HSBC,ConocoPhillips,375000000.0,0.0,600000000.0,0.0,0.0,0,813636364.0,1788636364.0
HSBC,Pertamina Persero PT,150000000.0,145833334.0,150000000.0,375000000.0,590000000.0,0,233333333.0,1644166667.0
HSBC,Delek Group Ltd,0.0,875000000.0,0.0,0.0,0.0,0,59741850.0,934741850.0
HSBC,Glencore PLC,85627248.13840434,45843750.0,87953771.4714256,111677419.44,204804316.839527,0,46412903.24,582319409.129357
HSBC,Petróleos Mexicanos (PEMEX),1336296000.0,2450738393.0210505,470678656.0,2050076888.8600001,0.0,1464430438.6269908,0.0,7772220376.508041
HSBC,China National Petroleum Corporation (CNPC),0.0,0.0,0.0,0.0,133333333.0,0,0.0,133333333.0
HSBC,POSCO Holdings Inc,0.0,0.0,42425706.4479359,76366271.60628462,63808262.4976956,0,0.0,182600240.55191612
HSBC,NTPC Ltd,93000000.0,0.0,0.0,0.0,0.0,0,0.0,93000000.0
HSBC,Petróleo Brasileiro SA – Petrobras,0.0,1473333327.8300002,0.0,484149855.907781,132857142.99000001,0,0.0,2090340326.727781
HSBC,Repsol SA,0.0,54479000.0,0.0,92681667.0,166114435.94646272,113365880.55449331,0.0,426640983.50095606
HSBC,Suncor Energy Inc,641857500.0,1276431200.0,0.0,0.0,0.0,0,0.0,1918288700.0
HSBC,China Huadian Corp Ltd,0.0,0.0,0.0,36983433.43777198,0.0,0,0.0,36983433.43777198
HSBC,Exxon Mobil Corp,833333000.0,0.0,833333333.0,1250000000.0,3469453332.0,1111111111,0.0,7497230776.0
HSBC,Occidental Petroleum Corp,236437246.96356273,0.0,620000000.31,2157403619.1974826,667500000.0,356000000,0.0,4037340866.4710455
HSBC,Guangdong Hengjian Investment Holding Co Ltd,0.0,3098346.392008993,0.0,0.0,2788511.7305,0,0.0,5886858.122508993
HSBC,Harbour Energy PLC,0.0,0.0,0.0,0.0,0.0,38461538,0.0,38461538.0
HSBC,QatarEnergy,0.0,0.0,0.0,0.0,0.0,1744444445,0.0,1744444445.0
HSBC,ITOCHU Corp,0.0,44166668.0,0.0,0.0,0.0,0,0.0,44166668.0
HSBC,Shell PLC,0.0,0.0,0.0,388000000.0,5357957689.382341,0,0.0,5745957689.382341
HSBC,State Grid Corp of China,311556688.2234415,216467183.85009167,78708623.79805605,244675414.0004366,86431042.64824593,0,0.0,937838952.5202717
HSBC,China Huaneng Group Co Ltd,0.0,77500000.0,0.0,159917265.8711732,0.0,0,0.0,237417265.8711732
HSBC,Chevron Corp,618181803.0,0.0,0.0,0.0,571428570.0,0,0.0,1189610373.0
HSBC,TotalEnergies SE,701456250.0,0.0,223827575.91870898,268527887.1138593,691823894.8674514,0,0.0,1885635607.90002
HSBC,Kuwait Petroleum Corp,0.0,0.0,0.0,142857143.0,0.0,0,0.0,142857143.0
HSBC,Xin Jiang Guang Hui Industry Investment Group Co Ltd,0.0,0.0,0.0,0.0,918788.8743975831,0,0.0,918788.8743975831
HSBC,Indonesia Asahan Aluminium Persero PT,0.0,0.0,0.0,0.0,302741253.7627043,68116782.12385519,0.0,370858035.8865595
ICBC,State Grid Corp of China,871267551.4089332,163403364.86883312,488062123.79805607,2613901750.0,5358405792.648246,4809506956.469884,6563348750.0,20867896289.19395
ICBC,China National Petroleum Corporation (CNPC),3829922500.0,86893800.0,1460280000.0,5887517500.0,3553398611.0,1430155750,3352239750.0,19600407911.0
ICBC,China Huaneng Group Co Ltd,620359740.0,2025400280.0,693058683.2288836,720823877.5689957,306100261.4830106,302163733.6497235,1061883818.8452914,5729790394.775904
ICBC,Shaanxi Yanchang Petroleum Group Co Ltd,520866177.21147275,219158326.3149108,0.0,629603736.4304795,1214085170.2112033,910774217.9562584,847238582.4114696,4341726210.535794
ICBC,Beijing Energy Holding Co Ltd,2625053.9598039994,294597732.0704983,369462106.6851786,374147275.94939214,366592649.70354074,119643653.97468068,582533979.1216073,2109602451.4647017
ICBC,China Huadian Corp Ltd,1651611224.5291603,1151956112.724301,1305719205.0579815,1210925698.6743581,610902089.2339606,753607854.2125539,564147550.0164912,7248869734.448806
ICBC,China Energy Investment Corp Ltd,645800643.1456615,276377811.10518837,337044802.01876277,204592359.68615842,560856576.4306071,524661737.3056855,260984625.0,2810318554.6920633
ICBC,Hebei Construction & Investment Group Co Ltd,0.0,37801750.0,0.0,36327250.0,0.0,77711500,115340250.0,267180750.0
ICBC,Shaanxi Coal and Chemical Industry Group Co Ltd,0.0,0.0,0.0,0.0,0.0,109932200,97588400.0,207520600.0
ICBC,Shandong Energy Co Ltd,1313658214.9920206,643702071.0828685,369659034.07329756,83605925.27322404,81735801.04735884,199286261.54371586,79811686.74863388,2771458994.7611194
ICBC,Inpex Corp,0.0,230769230.0,0.0,0.0,0.0,0,46000000.0,276769230.0
ICBC,Guangdong Hengjian Investment Holding Co Ltd,102701920.0,3098346.392008993,123144000.25670385,8312609.23885511,11230284.83271187,220704883.35078967,31432968.0,500625012.0710695
ICBC,Shaanxi Investment Group Co Ltd,0.0,0.0,0.0,0.0,0.0,0,21903150.0,21903150.0
ICBC,Shell PLC,0.0,0.0,0.0,388000000.0,433608000.0,0,0.0,821608000.0
ICBC,Huayang New Material Technology Group Co Ltd,90599625.0,75762500.0,74477750.0,36774500.0,0.0,0,0.0,277614375.0
ICBC,China Datang Corp,721326797.14623,596327843.6388638,0.0,0.0,0.0,107940839.99999999,0.0,1425595480.7850938
ICBC,Jinneng Holding Group Co Ltd,60124575.71557649,139172618.12736997,379086725.497354,337392500.0,68914925.30247238,184191000.8612492,0.0,1168882345.5040221
ICBC,Kailuan Group Ltd Liability Corp,86781870.0,0.0,49018095.0,59782577.24999999,63146642.99999999,0,0.0,258729185.25
ICBC,Shanxi Coking Coal Group Co Ltd,0.0,0.0,227491136.05373406,0.0,225336694.84465247,0,0.0,452827830.89838654
ICBC,Zhejiang Provincial Energy Group Co Ltd,177887520.0,243083160.0,292579110.0,232511220.0,262280880.0,268560945,0.0,1476902835.0
ICBC,Shenergy Group Co Ltd,37935750.0,0.0,0.0,249262836.1657483,69763500.0,0,0.0,356962086.1657483
ICBC,Lu'an Chemical Group Co Ltd,146075775.29999998,94691313.6,51115790.699999996,48353011.199999996,46587551.4,0,0.0,386823442.1999999
Industrial Bank,Jinneng Holding Group Co Ltd,690262428.9847448,2005841573.1358438,2427818960.2958612,1637715583.7925043,1660074446.5547173,705330554.2641064,1047438617.3974788,10174482164.425255
Industrial Bank,State Grid Corp of China,0.0,0.0,192133750.0,355657500.0,0.0,1241707375,519396250.0,2308894875.0
Industrial Bank,China Huadian Corp Ltd,174309546.92957997,0.0,123013493.67094891,230892576.54581434,207495179.07592964,669070463.605482,498298926.45909166,1903080186.2868466
Industrial Bank,Shaanxi Yanchang Petroleum Group Co Ltd,1426093868.375227,620839112.3169447,1820017673.167822,1376924487.3113337,1769855942.2624583,1277491178.844215,398355394.4955998,8689577656.773602
Industrial Bank,Huayang New Material Technology Group Co Ltd,261969500.0,297957500.0,487870250.0,292091500.0,426769500.0,78282500,269890000.0,2114830750.0
Industrial Bank,Guangdong Hengjian Investment Holding Co Ltd,127692180.0,49985498.03332818,155417353.06328303,561929650.2388551,129246793.8312133,698671172.3523116,243241850.78770304,1966184498.3066943
Industrial Bank,China Huaneng Group Co Ltd,0.0,0.0,177845106.84093478,164930994.5532285,164695033.4324825,389924325.1784692,177905842.8820405,1075301302.8871555
Industrial Bank,Beijing Energy Holding Co Ltd,0.0,0.0,158353000.0,140924000.0,101296793.92502493,439067951.4064234,173719200.0,1013360945.3314483
Industrial Bank,Shaanxi Coal and Chemical Industry Group Co Ltd,545503775.0,390194646.3984691,645844925.4533075,166879996.7402578,43983662.22909933,190604400,109845400.0,2092856805.8211336
Industrial Bank,Shandong Energy Co Ltd,0.0,473940080.1684882,398143261.79818285,253110595.17683572,498424166.6700562,806927194.5776762,109195023.6599948,2539740322.051234
Industrial Bank,China Energy Investment Corp Ltd,238136509.283751,198379568.2767151,295156814.65140045,279604246.2894315,792881657.8356787,0,61062260.000000015,1865221056.336977
Industrial Bank,Lu'an Chemical Group Co Ltd,48602583.9,96276634.35,93919936.5,23875950.15,68856007.35,25300392,51211605.9,408043110.15
Industrial Bank,Shaanxi Investment Group Co Ltd,0.0,89760150.0,86562000.0,77857800.0,86697150.0,138731895,22413150.0,502022145.0
Industrial Bank,Xin Jiang Guang Hui Industry Investment Group Co Ltd,21298599.751415983,256720152.63410312,0.0,10412522.517273955,11665187.22145962,0,0.0,300096462.1242527
Industrial Bank,Zhejiang Provincial Energy Group Co Ltd,0.0,0.0,0.0,0.0,0.0,45454545,0.0,45454545.0
Industrial Bank,China Datang Corp,549988333.0215516,689211441.0948837,361312397.82144064,0.0,325549320.0,321350249.99999994,0.0,2247411741.9378757
Industrial Bank,Jizhong Energy Group Co Ltd,212858770.0,897789176.0,1289989318.0,1217935649.0,287140032.5,0,0.0,3905712945.5
Industrial Bank,Kailuan Group Ltd Liability Corp,0.0,0.0,0.0,0.0,42692100.0,0,0.0,42692100.0
Industrial Bank,China National Petroleum Corporation (CNPC),0.0,86893800.0,0.0,0.0,860974500.0,0,0.0,947868300.0
Industrial Bank,China ZhenHua Oil Co Ltd,67562550.0,0.0,0.0,0.0,0.0,0,0.0,67562550.0
Industrial Bank,Shenergy Group Co Ltd,0.0,0.0,0.0,0.0,84166237.30308239,78139000,0.0,162305237.3030824
Industrial Bank,Shanxi Coking Coal Group Co Ltd,267042720.0,0.0,0.0,183459423.33225182,0.0,0,0.0,450502143.3322518
ING,Glencore PLC,39741920.0,45843750.0,241119984.57588443,894015677.5622056,204804316.839527,69601012.78471515,46412903.24,1541539565.0023324
ING,Inpex Corp,0.0,0.0,0.0,0.0,0.0,0,43000000.0,43000000.0
ING,Evraz PLC,198969.16965528752,0.0,0.0,334268.2063579558,0.0,0,0.0,533237.3760132433
ING,TotalEnergies SE,0.0,0.0,118360000.0,0.0,0.0,0,0.0,118360000.0
ING,Gazprom PJSC,91181052.55000001,0.0,0.0,0.0,0.0,0,0.0,91181052.55000001
ING,Harbour Energy PLC,0.0,0.0,0.0,0.0,0.0,38461538,0.0,38461538.0
ING,Kuwait Petroleum Corp,0.0,0.0,314166667.0,0.0,0.0,166666667,0.0,480833334.0
ING,State Grid Corp of China,0.0,0.0,0.0,0.0,68314343.28154065,0,0.0,68314343.28154065
ING,Delek Group Ltd,199849492.04,0.0,0.0,0.0,0.0,78066207.828125,0.0,277915699.86812496
ING,Mitsubishi Corp,0.0,0.0,0.0,0.0,0.0,22675740,0.0,22675740.0
Intesa Sanpaolo,TotalEnergies SE,400134000.0,75000000.0,118360000.0,0.0,0.0,0,280385325.0,873879325.0
Intesa Sanpaolo,Adani Group,0.0,0.0,0.0,0.0,0.0,35524842.619895935,0.0,35524842.619895935
Intesa Sanpaolo,Repsol SA,0.0,54479000.0,0.0,0.0,0.0,0,0.0,54479000.0
Intesa Sanpaolo,Gazprom PJSC,0.0,0.0,0.0,131944443.6,200000000.0,642766000,0.0,974710443.6
Intesa Sanpaolo,Bulgarian Energy Holding EAD,68773892.0,0.0,0.0,0.0,0.0,0,0.0,68773892.0
Intesa Sanpaolo,Glencore PLC,39741920.0,0.0,0.0,0.0,0.0,0,0.0,39741920.0
JPMorgan Chase,ConocoPhillips,1589105000.0,1116666667.0,828571429.0,0.0,166666667.0,0,813636364.0,4514646127.0
JPMorgan Chase,Hess Corporation,673750000.0,740000000.0,0.0,700000000.0,250000000.0,700000000,464285714.0,3528035714.0
JPMorgan Chase,TotalEnergies SE,701456250.0,0.0,161482293.6949426,1095070753.7194157,502286615.49825734,0,280385325.0,2740681237.9126153
JPMorgan Chase,Glencore PLC,39741920.0,86804279.94755727,87953771.4714256,197221383.6724888,154693338.07504827,63830710.79761259,46412903.24,676658307.2041324
JPMorgan Chase,Inpex Corp,0.0,0.0,0.0,0.0,0.0,0,46000000.0,46000000.0
JPMorgan Chase,Occidental Petroleum Corp,3368838888.802356,333333333.0,1245000000.31,2157403619.1974826,667500000.0,356000000,0.0,8128075841.309839
JPMorgan Chase,Shell PLC,1772256428.9,0.0,750000000.0,2218085000.0,500000000.0,0,0.0,5240341428.9
JPMorgan Chase,Mitsubishi Corp,0.0,20000000.0,0.0,89844093.39646296,0.0,33310073.13712327,0.0,143154166.53358623
JPMorgan Chase,Kuwait Petroleum Corp,0.0,0.0,0.0,142857143.0,0.0,0,0.0,142857143.0
JPMorgan Chase,Shandong Energy Co Ltd,0.0,355828728.0,0.0,22501188.75607068,0.0,0,0.0,378329916.7560707
JPMorgan Chase,Peabody Energy Corp,0.0,870041667.0,80000000.0,108000000.0,0.0,0,0.0,1058041667.0
JPMorgan Chase,Petróleo Brasileiro SA – Petrobras,2310704459.658327,259999994.8,0.0,629394812.6801152,636607143.3,656465299.3448865,0.0,4493171709.783329
JPMorgan Chase,Petróleos Mexicanos (PEMEX),1880000000.0,1188000000.2700002,400000000.0,2015000000.65,561869769.3406818,0,0.0,6044869770.260682
JPMorgan Chase,PPL Corp,308768696.4474668,152351505.38544866,461092500.00000006,376268171.8854487,259200000.0,419121806.1559293,0.0,1976802679.8742936
JPMorgan Chase,State Grid Corp of China,16137143.293145109,141032511.96588898,78708623.79805605,0.0,86431042.64824593,38201956.469883725,0.0,360511278.17521983
JPMorgan Chase,Suncor Energy Inc,749737621.0,1026431200.0,0.0,1279616375.0,333333333.0,1105163000,0.0,4494281529.0
JPMorgan Chase,QatarEnergy,0.0,0.0,0.0,0.0,0.0,1744444445,0.0,1744444445.0
JPMorgan Chase,Teck Resources Ltd,53822916.83890001,775050000.0000001,1033400000.0000001,1033400000.0000001,160177000.00000003,1033400000.0000001,0.0,4089249916.8389
JPMorgan Chase,Repsol SA,0.0,0.0,0.0,92681667.0,289714698.15806246,88661015.77437858,0.0,471057380.93244106
JPMorgan Chase,Exxon Mobil Corp,3233333000.0,0.0,833333333.0,2650000000.0,7502786665.0,1111111111,0.0,15330564109.0
JPMorgan Chase,Adani Group,0.0,0.0,0.0,51973684.10526316,72280875.59233254,51254906.251633495,0.0,175509465.94922918
JPMorgan Chase,Chevron Corp,738025553.0,849999334.0,800000000.0,100000000.0,2171428570.0,0,0.0,4659453457.0
JPMorgan Chase,China Huadian Corp Ltd,36651213.58,35798956.91,0.0,0.0,0.0,0,0.0,72450170.49
JPMorgan Chase,China Huaneng Group Co Ltd,0.0,0.0,0.0,0.0,67777778.32,81110877.89935899,0.0,148888656.21935898
JPMorgan Chase,China National Petroleum Corporation (CNPC),0.0,0.0,0.0,0.0,133333333.0,0,0.0,133333333.0
JPMorgan Chase,BHP Group Ltd,0.0,0.0,0.0,57500000.0,2857142.88,0,0.0,60357142.88
JPMorgan Chase,Equinor ASA,0.0,0.0,333333000.0,0.0,1818187917.0,298899358.7219936,0.0,2450420275.7219934
JPMorgan Chase,Alliance Resource Partners LP,0.0,257020833.0,0.0,0.0,91900000.0,0,0.0,348920833.0
JPMorgan Chase,Delek Group Ltd,0.0,875000000.0,0.0,249811865.05,0.0,0,0.0,1124811865.05
JPMorgan Chase,Evraz PLC,198969.16965528752,358144.5068120955,0.0,334268.2063579558,0.0,0,0.0,891381.8828253389
JPMorgan Chase,Gazprom PJSC,258649375.0,556520237.9834932,674496484.9622886,131944443.6,1872157500.0,1094785750,0.0,4588553791.545782
JPMorgan Chase,Guangdong Hengjian Investment Holding Co Ltd,0.0,3098346.392008993,0.0,0.0,0.0,0,0.0,3098346.392008993
JPMorgan Chase,Bulgarian Energy Holding EAD,68773892.0,0.0,0.0,0.0,0.0,80590201.2,0.0,149364093.2
JPMorgan Chase,Harbour Energy PLC,0.0,0.0,0.0,0.0,0.0,38461538,0.0,38461538.0
JPMorgan Chase,ITOCHU Corp,0.0,0.0,0.0,0.0,0.0,23479479.779999997,0.0,23479479.779999997
JPMorgan Chase,Indika Energy Tbk PT,0.0,130912807.191375,0.0,0.0,0.0,0,0.0,130912807.191375
KB Financial,POSCO Holdings Inc,51562812.053649805,19674146.16272206,60367045.5665732,148079634.52906775,25102985.04015725,41025189.75535483,61685370.768349856,407497183.87587476
Lloyds,Delek Group Ltd,0.0,0.0,0.0,0.0,0.0,78066207.828125,0.0,78066207.828125
Lloyds,Shell PLC,0.0,0.0,0.0,388000000.0,332377500.0,0,0.0,720377500.0
Lloyds,Harbour Energy PLC,0.0,140609000.0,0.0,0.0,1125000000.0,38461538,0.0,1304070538.0
Mizuho,ConocoPhillips,375000000.0,0.0,600000000.0,0.0,0.0,0,813636364.0,1788636364.0
Mizuho,Hess Corporation,300000000.0,740000000.0,0.0,700000000.0,0.0,700000000,464285714.0,2904285714.0
Mizuho,Pertamina Persero PT,364285714.0,145833334.0,0.0,0.0,590000000.0,0,427777777.0,1527896825.0
Mizuho,POSCO Holdings Inc,0.0,0.0,0.0,0.0,0.0,0,50910847.73752309,50910847.73752309
Mizuho,Glencore PLC,39741920.0,86804279.94755727,66119984.57588445,111677419.44,154693338.07504827,86497377.40761259,46412903.24,591947222.6861026
Mizuho,State Grid Corp of China,91571812.00909159,1016467183.8500917,131866390.53876977,29230820.63596563,95805731.73870897,38201956.469883725,16049442.286301415,1419193337.5288126
Mizuho,PPL Corp,214268426.44746682,147289005.38544866,0.0,462259526.50239575,0.0,550746806.1559293,0.0,1374563764.4912405
Mizuho,Chevron Corp,732343750.0,183333333.0,800000000.0,100000000.0,0.0,0,0.0,1815677083.0
Mizuho,Petróleos Mexicanos (PEMEX),1282383360.0,289405065.5210507,70678656.0,2015000000.65,337121861.60440904,0,0.0,3994588943.7754602
Mizuho,China Huadian Corp Ltd,0.0,0.0,0.0,36983433.43777198,45454545.0,0,0.0,82437978.43777198
Mizuho,Inpex Corp,60000000.0,0.0,0.0,0.0,1050875000.0,46071500,0.0,1156946500.0
Mizuho,Shell PLC,0.0,0.0,0.0,388000000.0,0.0,300000000,0.0,688000000.0
Mizuho,ITOCHU Corp,0.0,0.0,0.0,0.0,0.0,23479479.779999997,0.0,23479479.779999997
Mizuho,China Huaneng Group Co Ltd,0.0,0.0,0.0,0.0,67777778.32,81110877.89935899,0.0,148888656.21935898
Mizuho,China National Petroleum Corporation (CNPC),0.0,0.0,0.0,0.0,133333333.0,0,0.0,133333333.0
Mizuho,Adani Group,0.0,0.0,0.0,101782844.41060668,21531100.42105263,86779748.87152943,0.0,210093693.70318875
Mizuho,Petróleo Brasileiro SA – Petrobras,0.0,0.0,1372809080.7780037,629394812.6801152,0.0,459525709.7252309,0.0,2461729603.1833496
Mizuho,Mitsubishi Corp,145469819.10118002,0.0,30805119.789742142,0.0,0.0,52662164.23762146,0.0,228937103.12854362
Mizuho,Repsol SA,0.0,0.0,0.0,0.0,166114435.94646272,88661015.77437858,0.0,254775451.7208413
Mizuho,Sojitz Corp,8090073.022838399,13813657.020313054,8422814.0496288,0.0,8395103.327828255,0,0.0,38721647.420608506
Mizuho,Gazprom PJSC,0.0,179816977.20187598,137769747.6945558,131944443.6,0.0,115916000,0.0,565447168.4964318
Mizuho,TotalEnergies SE,0.0,0.0,161482293.6949426,763541175.3726228,341250503.2317707,0,0.0,1266273972.2993362
Mizuho,Suncor Energy Inc,0.0,250000000.0,0.0,0.0,0.0,0,0.0,250000000.0
Mizuho,Teck Resources Ltd,0.0,0.0,0.0,0.0,160177000.00000003,0,0.0,160177000.00000003
Mizuho,BHP Group Ltd,0.0,0.0,0.0,57500000.0,2857142.88,0,0.0,60357142.88
Mizuho,Exxon Mobil Corp,0.0,0.0,0.0,0.0,0.0,1111111111,0.0,1111111111.0
Mizuho,NTPC Ltd,0.0,0.0,108003444.48,163157982.24,0.0,0,0.0,271161426.72
Mizuho,Equinor ASA,333003000.0,0.0,0.0,250000000.0,0.0,298899358.7219936,0.0,881902358.7219937
Mizuho,Occidental Petroleum Corp,1159548888.8023555,0.0,625000000.0,0.0,0.0,0,0.0,1784548888.8023555
Morgan Stanley,Hess Corporation,673750000.0,740000000.0,0.0,700000000.0,0.0,700000000,464285714.0,3278035714.0
Morgan Stanley,Delek Group Ltd,0.0,0.0,0.0,0.0,0.0,78066207.828125,59741850.0,137808057.828125
Morgan Stanley,Thungela Resources Ltd,0.0,0.0,0.0,0.0,0.0,0,51923907.0,51923907.0
Morgan Stanley,Glencore PLC,39741920.0,45843750.0,66119984.57588445,144015677.56220567,154693338.07504827,63830710.79761259,46412903.24,560658284.250751
Morgan Stanley,Petróleo Brasileiro SA – Petrobras,0.0,1213333333.03,0.0,368484703.67723346,596266121.31,0,0.0,2178084158.0172334
Morgan Stanley,Bayan Resources Tbk PT,0.0,0.0,0.0,0.0,200000000.0,0,0.0,200000000.0
Morgan Stanley,PPL Corp,94500270.0,0.0,175500000.27,40000000.0,162000000.0,0,0.0,472000270.27
Morgan Stanley,Shandong Energy Co Ltd,0.0,355828728.0,21278867.0,0.0,0.0,0,0.0,377107595.0
Morgan Stanley,Equinor ASA,0.0,0.0,0.0,250000000.0,0.0,298899358.7219936,0.0,548899358.7219937
Morgan Stanley,China Huadian Corp Ltd,0.0,0.0,142348775.67286253,77947620.89973101,77113732.5,0,0.0,297410129.07259357
Morgan Stanley,Occidental Petroleum Corp,428571428.0,0.0,0.0,0.0,0.0,0,0.0,428571428.0
Morgan Stanley,Exxon Mobil Corp,2400000000.0,0.0,0.0,1400000000.0,4533333332.0,1111111111,0.0,9444444443.0
Morgan Stanley,TotalEnergies SE,1063779993.0,0.0,0.0,962380022.807768,169866917.4445396,0,0.0,2196026933.2523074
Morgan Stanley,Arch Resources Inc,0.0,85607143.0,42571429.0,0.0,0.0,0,0.0,128178572.0
Morgan Stanley,Petróleos Mexicanos (PEMEX),1082383360.0,0.0,0.0,0.0,561869769.3406818,0,0.0,1644253129.3406818
Morgan Stanley,Repsol SA,556850000.0,54479000.0,0.0,92681667.0,123600262.21159974,476599609.043977,0.0,1304210538.2555766
Morgan Stanley,Shell PLC,2310856250.0,0.0,1416400000.0,2218085000.0,1354590001.0,0,0.0,7299931251.0
Morgan Stanley,Sojitz Corp,8090073.022838399,13813657.020313054,8422814.0496288,8188065.148511999,8395103.327828255,8159251.781855999,0.0,55068964.35097651
Morgan Stanley,State Grid Corp of China,145148914.19587195,141032511.96588898,78708623.79805605,71286460.54192713,86431042.64824593,38201956.469883725,0.0,560809509.6198738
Morgan Stanley,Suncor Energy Inc,0.0,0.0,0.0,0.0,333333333.0,125000000,0.0,458333333.0
Morgan Stanley,Chevron Corp,618181803.0,0.0,0.0,0.0,0.0,0,0.0,618181803.0
Morgan Stanley,Teck Resources Ltd,53822916.83890001,0.0,0.0,0.0,0.0,0,0.0,53822916.83890001
Morgan Stanley,China Datang Corp,190489566.522387,0.0,0.0,0.0,0.0,0,0.0,190489566.522387
Morgan Stanley,ConocoPhillips,0.0,0.0,228571429.0,0.0,0.0,0,0.0,228571429.0
Morgan Stanley,China Energy Investment Corp Ltd,0.0,0.0,228422233.16771567,38735676.81255595,0.0,0,0.0,267157909.9802716
Morgan Stanley,Mitsubishi Corp,121158302.34451745,20000000.0,28368416.39696993,0.0,0.0,85972237.37474473,0.0,255498956.1162321
Morgan Stanley,Inpex Corp,0.0,0.0,0.0,0.0,0.0,46071500,0.0,46071500.0
MUFG,ConocoPhillips,0.0,0.0,828571429.0,0.0,0.0,0,813636364.0,1642207793.0
MUFG,Inpex Corp,0.0,0.0,0.0,0.0,1050875000.0,0,579800000.0,1630675000.0
MUFG,Hess Corporation,300000000.0,740000000.0,0.0,700000000.0,0.0,700000000,464285714.0,2904285714.0
MUFG,Pertamina Persero PT,214285714.0,0.0,0.0,0.0,0.0,271428571,427777777.0,913492062.0
MUFG,Petróleo Brasileiro SA – Petrobras,0.0,0.0,0.0,0.0,0.0,656465299.3448865,379166666.97,1035631966.3148866
MUFG,TotalEnergies SE,0.0,0.0,435201283.7409038,198838847.43514505,552201251.4143233,0,84096733.0,1270338115.590372
MUFG,Glencore PLC,39741920.0,45843750.0,66119984.57588445,197221383.6724888,154693338.07504827,46934346.17471515,46412903.24,596967625.7381366
MUFG,Sojitz Corp,0.0,0.0,0.0,0.0,0.0,0,5707647.5378095675,5707647.5378095675
MUFG,Gazprom PJSC,0.0,0.0,0.0,0.0,0.0,200000000,0.0,200000000.0
MUFG,PPL Corp,131625000.00000001,0.0,94500000.27000001,85991354.61694703,97200000.0,0,0.0,409316354.88694704
MUFG,Adani Group,62261450.38167939,31578947.36842105,0.0,51973684.10526316,72280875.59233254,86779748.87152943,0.0,304874706.31922555
MUFG,Chevron Corp,32343750.0,849999334.0,800000000.0,100000000.0,1600000000.0,0,0.0,3382343084.0
MUFG,Equinor ASA,0.0,0.0,0.0,0.0,0.0,298899358.7219936,0.0,298899358.7219936
MUFG,BHP Group Ltd,0.0,0.0,0.0,57500000.0,2857142.88,0,0.0,60357142.88
MUFG,ITOCHU Corp,0.0,44166668.0,0.0,0.0,0.0,0,0.0,44166668.0
MUFG,Petróleos Mexicanos (PEMEX),640000000.0,0.0,0.0,1040000000.13,561869769.3406818,0,0.0,2241869769.470682
MUFG,China Energy Investment Corp Ltd,0.0,0.0,0.0,0.0,3255830.1172967064,0,0.0,3255830.1172967064
MUFG,QatarEnergy,0.0,0.0,0.0,0.0,0.0,944444445,0.0,944444445.0
MUFG,Repsol SA,0.0,0.0,0.0,0.0,166114435.94646272,113365880.55449331,0.0,279480316.50095606
MUFG,Mitsubishi Corp,92534816.02844544,0.0,0.0,0.0,4389027.524832655,0,0.0,96923843.55327809
MUFG,State Grid Corp of China,25522679.9862636,0.0,0.0,0.0,86431042.64824593,38201956.469883725,0.0,150155679.10439324
MUFG,Suncor Energy Inc,0.0,0.0,0.0,0.0,0.0,125000000,0.0,125000000.0
MUFG,NTPC Ltd,0.0,136492589.7,201003444.48000002,163157982.24,0.0,0,0.0,500654016.42
MUFG,Occidental Petroleum Corp,569770246.9635627,333333333.0,625000000.0,2157403619.1974826,667500000.0,356000000,0.0,4709007199.161045
MUFG,Indonesia Asahan Aluminium Persero PT,0.0,0.0,207593795.06917503,0.0,0.0,68116782.12385519,0.0,275710577.19303024
NAB,Glencore PLC,65313125.536173865,45843750.0,66119984.57588445,111677419.44,154693338.07504827,0,46412903.24,490060520.8671066
NAB,BHP Group Ltd,0.0,0.0,0.0,57500000.0,2857142.88,0,0.0,60357142.88
NAB,ITOCHU Corp,0.0,44166668.0,0.0,0.0,0.0,0,0.0,44166668.0
NAB,State Grid Corp of China,38999123.01571421,30464103.291088644,53157766.740713716,0.0,0.0,0,0.0,122620993.04751657
NatWest,Glencore PLC,45885328.13840435,45843750.0,33059992.397111163,197221383.6724888,184835160.46887064,0,46412903.24,553258517.9168749
NatWest,TotalEnergies SE,0.0,0.0,170296302.62138212,0.0,0.0,0,0.0,170296302.62138212
NatWest,Harbour Energy PLC,0.0,140609000.0,0.0,0.0,0.0,0,0.0,140609000.0
NatWest,PPL Corp,94500270.0,0.0,0.0,0.0,0.0,0,0.0,94500270.0
NatWest,Repsol SA,0.0,0.0,0.0,0.0,299934623.9643085,88661015.77437858,0.0,388595639.7386871
NatWest,Delek Group Ltd,0.0,0.0,0.0,0.0,0.0,78066207.828125,0.0,78066207.828125
NatWest,Mitsubishi Corp,0.0,0.0,0.0,0.0,0.0,22675740,0.0,22675740.0
Nordea Bank,Equinor ASA,0.0,0.0,0.0,0.0,0.0,298899358.7219936,0.0,298899358.7219936
Ping An Insurance Group,Shaanxi Yanchang Petroleum Group Co Ltd,0.0,0.0,0.0,0.0,393574856.91399556,765257723.8093741,592276160.2106987,1751108740.9340682
Ping An Insurance Group,China Huadian Corp Ltd,21304449.15610828,26933805.601961363,29635251.66185636,548255438.3646476,188880288.88472074,420429434.07723886,171109645.19008994,1406548312.936623
Ping An Insurance Group,Shaanxi Coal and Chemical Industry Group Co Ltd,0.0,0.0,0.0,0.0,68106417.29003195,160394850,110787600.0,339288867.29003197
Ping An Insurance Group,Shandong Energy Co Ltd,0.0,182857391.60587674,376548727.388186,101199509.49453552,365029346.29397297,551919663.9726162,80052918.98907104,1657607557.7442586
Ping An Insurance Group,Jinneng Holding Group Co Ltd,0.0,715167040.0,0.0,0.0,604106054.0247843,209992357.20980415,51296140.0,1580561591.2345884
Ping An Insurance Group,Kailuan Group Ltd Liability Corp,0.0,0.0,0.0,0.0,45334498.5,0,32680575.0,78015073.5
Ping An Insurance Group,Lu'an Chemical Group Co Ltd,0.0,0.0,0.0,0.0,91267215.0,0,25586542.8,116853757.8
Ping An Insurance Group,China Energy Investment Corp Ltd,0.0,0.0,26928221.82094659,0.0,482677424.5339687,560976961.6401201,15853838.000000004,1086436445.9950354
Ping An Insurance Group,Beijing Energy Holding Co Ltd,134970688.34893173,0.0,0.0,721043.1774016999,1973646.1746031747,30150608.944643542,1045483.3772505749,168861470.0228307
Ping An Insurance Group,Shenmu City State-Owned Assets Operation Co,0.0,0.0,0.0,0.0,0.0,0,349771.18391851493,349771.18391851493
Ping An Insurance Group,State Grid Corp of China,0.0,0.0,219763500.0,550016250.0,214858500.0,899128250,0.0,1883766500.0
Ping An Insurance Group,Huayang New Material Technology Group Co Ltd,0.0,0.0,108719750.0,122844500.0,201549125.0,0,0.0,433113375.0
Ping An Insurance Group,China Datang Corp,140358307.3479419,1125484283.5127318,1539273399.5596814,495672526.70858526,95300556.0,272673519,0.0,3668762592.12894
Ping An Insurance Group,Hebei Construction & Investment Group Co Ltd,0.0,0.0,0.0,0.0,0.0,194746000,0.0,194746000.0
Ping An Insurance Group,China Huaneng Group Co Ltd,95861700.0,0.0,0.0,119174344.45884503,0.0,0,0.0,215036044.45884502
Ping An Insurance Group,Guangdong Hengjian Investment Holding Co Ltd,0.0,0.0,0.0,0.0,165475584.0,0,0.0,165475584.0
Ping An Insurance Group,China National Petroleum Corporation (CNPC),0.0,0.0,0.0,0.0,722600000.0,0,0.0,722600000.0
PNC,Arch Resources Inc,0.0,85607143.0,42571429.0,0.0,0.0,0,0.0,128178572.0
PNC,Chevron Corp,0.0,0.0,0.0,300000000.0,0.0,0,0.0,300000000.0
PNC,Alliance Resource Partners LP,0.0,0.0,0.0,0.0,91900000.0,0,0.0,91900000.0
PNC,PPL Corp,0.0,0.0,0.0,40000000.0,0.0,131625000.00000001,0.0,171625000.0
Postal Savings Bank of China,Jinneng Holding Group Co Ltd,0.0,0.0,0.0,0.0,257012860.10440725,593353574.8546281,367972969.19798666,1218339404.157022
Postal Savings Bank of China,Shandong Energy Co Ltd,0.0,0.0,0.0,0.0,93304778.49929662,335823063.5066676,335588289.3417703,764716131.3477345
Postal Savings Bank of China,Shaanxi Yanchang Petroleum Group Co Ltd,0.0,0.0,342567515.7732696,0.0,0.0,227846242.36829278,216392466.7029456,786806224.8445079
Postal Savings Bank of China,China Huadian Corp Ltd,0.0,0.0,159702465.0,150357949.10950467,40354560.0,518920266.05362684,61592301.95744682,930927542.1205783
Postal Savings Bank of China,China Huaneng Group Co Ltd,0.0,0.0,0.0,211396232.92776254,172049280.0,0,58808266.266050294,442253779.1938128
Postal Savings Bank of China,Hebei Construction & Investment Group Co Ltd,0.0,0.0,0.0,0.0,0.0,0,37830000.0,37830000.0
Postal Savings Bank of China,China Datang Corp,0.0,0.0,111034825.21172255,0.0,264832566.09086478,170334612.39588183,34114246.42,580316250.1184691
Postal Savings Bank of China,Lu'an Chemical Group Co Ltd,0.0,0.0,0.0,0.0,0.0,0,12080969.549999999,12080969.549999999
Postal Savings Bank of China,Shaanxi Coal and Chemical Industry Group Co Ltd,0.0,0.0,0.0,0.0,0.0,55167700,0.0,55167700.0
Postal Savings Bank of China,Huayang New Material Technology Group Co Ltd,0.0,0.0,0.0,0.0,146394000.0,46270500,0.0,192664500.0
Postal Savings Bank of China,Beijing Energy Holding Co Ltd,0.0,0.0,92309845.91707659,0.0,0.0,0,0.0,92309845.91707659
Postal Savings Bank of China,Xin Jiang Guang Hui Industry Investment Group Co Ltd,0.0,124346401.87869969,10949085.378400706,0.0,0.0,0,0.0,135295487.2571004
Postal Savings Bank of China,Guangdong Hengjian Investment Holding Co Ltd,0.0,0.0,0.0,0.0,0.0,191376420,0.0,191376420.0
Postal Savings Bank of China,Shaanxi Investment Group Co Ltd,0.0,0.0,0.0,0.0,44376300.0,0,0.0,44376300.0
Postal Savings Bank of China,China National Petroleum Corporation (CNPC),0.0,0.0,0.0,1518122500.0,31327778.0,0,0.0,1549450278.0
Postal Savings Bank of China,Shougang Group Co Ltd,0.0,0.0,0.0,0.0,0.0,418657.1974662162,0.0,418657.1974662162
Postal Savings Bank of China,China Energy Investment Corp Ltd,0.0,0.0,98072105.77890602,316347953.43193567,94385060.0,0,0.0,508805119.21084166
Postal Savings Bank of China,Zhejiang Provincial Energy Group Co Ltd,0.0,229672710.0,0.0,0.0,25966260.0,0,0.0,255638970.0
Postal Savings Bank of China,Jizhong Energy Group Co Ltd,0.0,0.0,0.0,0.0,129299200.0,0,0.0,129299200.0
Rabobank,Glencore PLC,39741920.0,45843750.0,0.0,0.0,0.0,22666666.610000003,0.0,108252336.61
Rabobank,Mitsubishi Corp,0.0,0.0,0.0,0.0,0.0,22675740,0.0,22675740.0
RBC,ConocoPhillips,280112497.0,0.0,0.0,0.0,0.0,0,181818182.0,461930679.0
RBC,Glencore PLC,39741920.0,45843750.0,66119984.57588445,197221383.6724888,154693338.07504827,0,46412903.24,550033279.5634215
RBC,PPL Corp,0.0,96187500.0,0.0,45991354.61694702,67499999.73,0,0.0,209678854.346947
RBC,Teck Resources Ltd,157162916.83890003,144676000.00000003,62004000.00000001,0.0,160177000.00000003,0,0.0,524019916.8389001
RBC,Harbour Energy PLC,0.0,0.0,0.0,0.0,0.0,38461538,0.0,38461538.0
RBC,Shell PLC,1812500000.0,0.0,0.0,388000000.0,500000000.0,300000000,0.0,3000500000.0
RBC,Suncor Energy Inc,745677575.0,1026431200.0,0.0,1465793125.0,631869166.0,1362235833,0.0,5232006899.0
RBC,TotalEnergies SE,0.0,310057328.8973581,417720270.0311879,565077735.3638939,221298221.70329714,409208870.09110004,0.0,1923362426.086837
RBC,Occidental Petroleum Corp,0.0,0.0,0.0,2157403619.1974826,667500000.0,356000000,0.0,3180903619.1974826
Santander,State Grid Corp of China,135962136.4016346,0.0,0.0,71286460.54192713,86431042.64824593,38201956.469883725,74054227.43415467,405935823.4958461
Santander,Glencore PLC,39741920.0,86804279.94755727,66119984.57588445,152216093.0614605,204804316.839527,0,46412903.24,596099497.6644292
Santander,Petróleo Brasileiro SA – Petrobras,2310704459.658327,259999994.8,0.0,821709740.2651296,132857142.99000001,196939589.6196557,0.0,3722210927.3331127
Santander,TotalEnergies SE,0.0,279909029.087996,0.0,331529578.3467929,0.0,409208870.09110004,0.0,1020647477.5258889
Santander,Repsol SA,0.0,54479000.0,0.0,92681667.0,257420450.22944552,88661015.77437858,0.0,493242133.0038241
Santander,Equinor ASA,0.0,0.0,0.0,0.0,0.0,298899358.7219936,0.0,298899358.7219936
Santander,Petróleos Mexicanos (PEMEX),1057016800.0,1351333333.27,814878756.0,218610756.0,65000000.0,0,0.0,3506839645.27
Santander,Kuwait Petroleum Corp,0.0,0.0,314166667.0,0.0,0.0,166666667,0.0,480833334.0
Santander,Shell PLC,0.0,0.0,0.0,388000000.0,5357957689.382341,0,0.0,5745957689.382341
Santander,BHP Group Ltd,0.0,0.0,0.0,57500000.0,2857142.88,0,0.0,60357142.88
Scotiabank,Petróleo Brasileiro SA – Petrobras,0.0,0.0,0.0,629394812.6801152,636607143.3,459525709.7252309,379166666.97,2104694332.6753461
Scotiabank,Petróleos Mexicanos (PEMEX),0.0,0.0,400000000.0,253687644.21,561869769.3406818,0,301259319.23748547,1516816732.7881672
Scotiabank,Glencore PLC,39741920.0,45843750.0,66119984.57588445,111677419.44,154693338.07504827,86497377.40761259,46412903.24,550986692.7385453
Scotiabank,State Grid Corp of China,0.0,0.0,35275918.46179563,0.0,0.0,0,0.0,35275918.46179563
Scotiabank,Indian Oil Corp Ltd,0.0,74969845.57638086,0.0,0.0,108696930.0,0,0.0,183666775.57638085
Scotiabank,PPL Corp,0.0,101250000.0,0.0,45991354.61694702,162000000.0,0,0.0,309241354.61694705
Scotiabank,Chevron Corp,0.0,0.0,250000000.0,100000000.0,0.0,0,0.0,350000000.0
Scotiabank,Teck Resources Ltd,157162916.83890003,144676000.00000003,62004000.00000001,0.0,0.0,0,0.0,363842916.8389001
Scotiabank,BHP Group Ltd,0.0,0.0,0.0,57500000.0,2857142.88,0,0.0,60357142.88
Scotiabank,Occidental Petroleum Corp,0.0,333333333.0,625000000.0,750401258.8512982,0.0,0,0.0,1708734591.8512983
Shanghai Pudong Development Bank,Beijing Energy Holding Co Ltd,316446489.82507807,558244566.5647976,512513271.90560687,250707246.817602,508060167.11062336,1091271403.128431,971175951.7966679,4208419097.148807
Shanghai Pudong Development Bank,State Grid Corp of China,0.0,0.0,0.0,332442000.0,776193250.0,1203066250,697393250.0,3009094750.0
Shanghai Pudong Development Bank,China Datang Corp,166200146.61050296,328903882.00009483,0.0,58637425.0,211458103.51397377,61492756.47158885,550037560.0,1376729873.5961604
Shanghai Pudong Development Bank,Shandong Energy Co Ltd,0.0,41660233.56102004,139994323.31913,310577032.58196723,559850652.2903404,282370293.13225746,420143940.4980978,1754596475.382813
Shanghai Pudong Development Bank,China Huaneng Group Co Ltd,597644850.0,93728500.0,297162911.74603236,421230394.00249547,44818530.0,133064869.87406358,256906783.98860914,1844556839.6112003
Shanghai Pudong Development Bank,Shaanxi Coal and Chemical Industry Group Co Ltd,259629749.99999997,310518906.86332136,181400857.56826487,123045993.03600533,0.0,403790625,220613400.0,1498999532.4675915
Shanghai Pudong Development Bank,Guangdong Hengjian Investment Holding Co Ltd,12555999.07962618,0.0,0.0,0.0,209460388.39830846,293747487.8356509,190107978.4956689,705871853.8092544
Shanghai Pudong Development Bank,Shenergy Group Co Ltd,0.0,43635000.0,0.0,108999000.0,0.0,348752250,185617323.60626364,687003573.6062636
Shanghai Pudong Development Bank,Jinneng Holding Group Co Ltd,251752305.16688025,290663428.48192173,385992193.3893628,737098652.5712006,395502511.6592276,126002398.80894467,107069088.24302998,2294080578.3205676
Shanghai Pudong Development Bank,Shaanxi Yulin Energy Group Co Ltd,0.0,0.0,0.0,0.0,0.0,26583046.312803887,77495971.1426256,104079017.4554295
Shanghai Pudong Development Bank,Huayang New Material Technology Group Co Ltd,234507625.0,325522000.0,384624250.0,163023000.0,215257000.0,0,69854000.0,1392787875.0
Shanghai Pudong Development Bank,China Energy Investment Corp Ltd,1404333470.374589,603787888.6876225,266673403.80549148,491607109.84126127,51446018.13033845,43403220.00000001,53789176.000000015,2915040286.839303
Shanghai Pudong Development Bank,Lu'an Chemical Group Co Ltd,0.0,46913193.6,96884704.8,22725034.8,45778625.1,33640472.4,24007534.2,269949564.90000004
Shanghai Pudong Development Bank,Jizhong Energy Group Co Ltd,0.0,268810260.0,1264024905.0,144926124.0,1149563605.0,0,0.0,2827324894.0
Shanghai Pudong Development Bank,China Huadian Corp Ltd,0.0,0.0,0.0,0.0,0.0,270918253.4109646,0.0,270918253.4109646
Shanghai Pudong Development Bank,Shanxi Coking Coal Group Co Ltd,0.0,0.0,0.0,123905287.46749237,126212811.47584195,0,0.0,250118098.94333434
Shanghai Pudong Development Bank,Shougang Group Co Ltd,0.0,0.0,0.0,0.0,0.0,425756.0179151262,0.0,425756.0179151262
Shanghai Pudong Development Bank,China ZhenHua Oil Co Ltd,66024900.0,0.0,0.0,0.0,0.0,0,0.0,66024900.0
Shanghai Pudong Development Bank,Shaanxi Investment Group Co Ltd,0.0,21753300.0,156934200.0,132623700.0,63639750.0,127380675,0.0,502331625.0
Shanghai Pudong Development Bank,Shaanxi Yanchang Petroleum Group Co Ltd,762283677.551166,182086971.522838,799716482.6646552,693949176.0533372,1718336284.4947696,894781072.9084512,0.0,5051153665.195217
Shanghai Pudong Development Bank,China National Petroleum Corporation (CNPC),0.0,0.0,0.0,0.0,1415780000.0,0,0.0,1415780000.0
Shanghai Pudong Development Bank,Zhejiang Provincial Energy Group Co Ltd,0.0,295199010.0,193075290.0,181887660.0,181929240.0,101214945,0.0,953306145.0
SMBC Group,Inpex Corp,0.0,230769230.0,0.0,0.0,1050875000.0,46071500,1815390000.0,3143105730.0
SMBC Group,ConocoPhillips,0.0,0.0,600000000.0,0.0,0.0,0,813636364.0,1413636364.0
SMBC Group,Hess Corporation,0.0,0.0,0.0,0.0,250000000.0,0,464285714.0,714285714.0
SMBC Group,Pertamina Persero PT,364285714.0,41666667.0,0.0,0.0,0.0,271428571,372222221.0,1049603173.0
SMBC Group,TotalEnergies SE,0.0,354909029.087996,279842293.6949426,268527887.1138593,341250503.2317707,409208870.09110004,280385325.0,1934123908.2196686
SMBC Group,NTPC Ltd,0.0,0.0,108003444.48,163157982.24,222927397.3762217,75445422.99,217500000.0,787034247.0862217
SMBC Group,Glencore PLC,0.0,45843750.0,66119984.57588445,111677419.44,154693338.07504827,86497377.40761259,46412903.24,511244772.7385453
SMBC Group,State Grid Corp of China,0.0,0.0,53157766.740713716,0.0,28838180.906553477,38201956.469883725,16049442.286301415,136247346.40345234
SMBC Group,Gazprom PJSC,0.0,179816977.20187598,137769747.6945558,131944443.6,0.0,642766000,0.0,1092297168.4964318
SMBC Group,Occidental Petroleum Corp,236437246.96356273,0.0,0.0,2157403619.1974826,667500000.0,356000000,0.0,3417340866.161045
SMBC Group,BHP Group Ltd,0.0,0.0,0.0,57500000.0,2857142.88,0,0.0,60357142.88
SMBC Group,Petróleos Mexicanos (PEMEX),402383360.0,452738398.52105063,800000000.0,1040000000.13,963991630.9450909,130880545.13966636,0.0,3789993934.735808
SMBC Group,PPL Corp,0.0,0.0,0.0,0.0,97200000.0,0,0.0,97200000.0
SMBC Group,Adani Group,0.0,0.0,0.0,0.0,0.0,57055943.04094857,0.0,57055943.04094857
SMBC Group,Indian Oil Corp Ltd,0.0,300000000.0,0.0,0.0,108696930.0,165000000.33,0.0,573696930.33
SMBC Group,Chevron Corp,618181803.0,0.0,0.0,0.0,0.0,0,0.0,618181803.0
SMBC Group,Petróleo Brasileiro SA – Petrobras,0.0,0.0,0.0,0.0,980375000.31,459525709.7252309,0.0,1439900710.0352309
SMBC Group,Kuwait Petroleum Corp,0.0,0.0,680833334.0,0.0,0.0,166666667,0.0,847500001.0
SMBC Group,Shell PLC,0.0,0.0,0.0,388000000.0,0.0,300000000,0.0,688000000.0
SMBC Group,Mitsubishi Corp,121158302.34451745,0.0,28368416.39696993,0.0,0.0,80667515.93956119,0.0,230194234.68104857
SMBC Group,Indonesia Asahan Aluminium Persero PT,0.0,0.0,207593795.06917503,0.0,0.0,34058391.061927594,0.0,241652186.13110262
SMBC Group,ITOCHU Corp,0.0,44166668.0,0.0,0.0,0.0,23479479.779999997,0.0,67646147.78
Société Générale,TotalEnergies SE,27970263.11111111,279909029.087996,161482293.6949426,530368425.78193796,682993089.6893985,409208870.09110004,2640000000.33,4731931971.786486
Société Générale,Inpex Corp,0.0,455769230.0,0.0,0.0,1050875000.0,0,313800000.0,1820444230.0
Société Générale,Glencore PLC,39741920.0,86804279.94755727,241119984.57588443,144015677.56220567,154693338.07504827,72833174.6946446,46412903.24,785621278.0953401
Société Générale,China National Petroleum Corporation (CNPC),0.0,0.0,0.0,0.0,133333333.0,0,0.0,133333333.0
Société Générale,Pertamina Persero PT,0.0,0.0,0.0,0.0,0.0,271428571,0.0,271428571.0
Société Générale,Equinor ASA,0.0,0.0,0.0,0.0,0.0,298899358.7219936,0.0,298899358.7219936
Société Générale,Occidental Petroleum Corp,397644460.8023555,0.0,625000000.0,2157403619.1974826,667500000.0,356000000,0.0,4203548079.999838
Société Générale,Evraz PLC,198969.16965528752,0.0,0.0,0.0,0.0,0,0.0,198969.16965528752
Société Générale,Exxon Mobil Corp,833333000.0,0.0,833333333.0,1250000000.0,1886120000.0,1111111111,0.0,5913897444.0
Société Générale,Petróleos Mexicanos (PEMEX),496296000.0,0.0,744200100.0,0.0,0.0,0,0.0,1240496100.0
Société Générale,Repsol SA,0.0,54479000.0,0.0,0.0,133820188.01784576,202026896.3288719,0.0,390326084.34671766
Société Générale,Rosneftegaz AO,500000000.0,0.0,0.0,0.0,0.0,0,0.0,500000000.0
Société Générale,Chevron Corp,618181803.0,0.0,0.0,0.0,571428570.0,0,0.0,1189610373.0
Société Générale,Shell PLC,0.0,0.0,0.0,388000000.0,0.0,0,0.0,388000000.0
Société Générale,Kuwait Petroleum Corp,0.0,0.0,366666667.0,142857143.0,0.0,0,0.0,509523810.0
Société Générale,Adani Group,62261450.38167939,0.0,0.0,0.0,0.0,35524842.619895935,0.0,97786293.00157532
Société Générale,Mitsubishi Corp,0.0,0.0,0.0,0.0,0.0,22675740,0.0,22675740.0
Standard Chartered,Glencore PLC,39741920.0,86804279.94755727,66119984.57588445,144015677.56220567,204804316.83952704,0,46412903.24,587899082.1651745
Standard Chartered,China Huadian Corp Ltd,0.0,0.0,0.0,0.0,45454545.0,0,0.0,45454545.0
Standard Chartered,China Huaneng Group Co Ltd,0.0,77500000.0,0.0,0.0,0.0,0,0.0,77500000.0
Standard Chartered,China National Petroleum Corporation (CNPC),0.0,0.0,0.0,0.0,133333333.0,0,0.0,133333333.0
Standard Chartered,Pertamina Persero PT,0.0,0.0,150000000.0,375000000.0,0.0,0,0.0,525000000.0
Standard Chartered,China Energy Investment Corp Ltd,0.0,0.0,0.0,0.0,3255830.1172967064,0,0.0,3255830.1172967064
Standard Chartered,NTPC Ltd,0.0,136492589.7,93000000.0,77400000.0,0.0,0,0.0,306892589.7
Standard Chartered,POSCO Holdings Inc,0.0,0.0,42425706.4479359,76366271.60628462,63808262.4976956,0,0.0,182600240.55191612
Standard Chartered,Equinor ASA,0.0,0.0,0.0,0.0,0.0,298899358.7219936,0.0,298899358.7219936
Standard Chartered,TotalEnergies SE,0.0,75000000.0,0.0,0.0,169866917.4445396,0,0.0,244866917.4445396
Standard Chartered,Indian Oil Corp Ltd,0.0,0.0,0.0,178200000.0,0.0,0,0.0,178200000.0
Standard Chartered,Petróleo Brasileiro SA – Petrobras,0.0,914213736.4094405,0.0,0.0,0.0,0,0.0,914213736.4094405
Standard Chartered,Indika Energy Tbk PT,0.0,284056091.075625,0.0,0.0,222304766.92875004,0,0.0,506360858.00437504
Standard Chartered,Indonesia Asahan Aluminium Persero PT,0.0,0.0,207593795.06917503,0.0,0.0,68116782.12385519,0.0,275710577.19303024
Standard Chartered,Shandong Energy Co Ltd,0.0,0.0,30677492.52450341,0.0,52328345.14360504,0,0.0,83005837.66810845
Standard Chartered,Shell PLC,0.0,0.0,0.0,388000000.0,500000000.0,0,0.0,888000000.0
Standard Chartered,Zhejiang Provincial Energy Group Co Ltd,0.0,50000000.0,0.0,0.0,0.0,45454545,0.0,95454545.0
Standard Chartered,Adani Group,62261450.38167939,304135338.21052635,0.0,101782844.41060667,72280875.59233254,86779748.87152943,0.0,627240257.4666744
State Bank of India,NTPC Ltd,326499288.72,80532749.7,0.0,0.0,262398546.27537322,114542221.62,217500000.0,1001472806.3153733
State Bank of India,Coal India Ltd,0.0,0.0,143015296.0,0.0,0.0,0,164615312.0,307630608.0
State Bank of India,Indian Oil Corp Ltd,0.0,0.0,0.0,1033687512.0,200309230.23,177477789.06000003,6628792.5,1418103323.79
State Bank of India,Reliance Power Ltd,1654607088.0,0.0,0.0,0.0,0.0,0,0.0,1654607088.0
State Bank of India,Adani Group,62261450.38167939,54135338.21052632,0.0,0.0,0.0,0,0.0,116396788.5922057
TD,ConocoPhillips,1600000000.0,0.0,600000000.0,0.0,0.0,0,813636364.0,3013636364.0
TD,Glencore PLC,39741920.0,45843750.0,66119984.57588445,111677419.44,254210712.59242278,0,46412903.24,564006689.8483073
TD,Suncor Energy Inc,1133666121.0,1026431200.0,0.0,1465793125.0,298535833.0,1237235833,0.0,5161662112.0
TD,Teck Resources Ltd,157162916.83890003,144676000.00000003,62004000.00000001,0.0,0.0,0,0.0,363842916.8389001
TD,Chevron Corp,0.0,0.0,250000000.0,100000000.0,0.0,0,0.0,350000000.0
TD,PPL Corp,0.0,0.0,0.0,0.0,97200000.0,0,0.0,97200000.0
TD,Shell PLC,0.0,0.0,0.0,388000000.0,0.0,0,0.0,388000000.0
TD,Occidental Petroleum Corp,0.0,0.0,0.0,0.0,0.0,356000000,0.0,356000000.0
UBS,Glencore PLC,60704984.05490421,45843750.0,79370138.0184216,201541598.27755588,185513153.6819498,65590072.924579486,46412903.24,684976600.197411
UBS,State Grid Corp of China,16137143.293145109,141032511.96588898,78708623.79805605,0.0,0.0,65282368.64166808,24643707.11041598,325804354.80917424
UBS,China Energy Investment Corp Ltd,113259879.05917381,143870399.06219104,0.0,359592984.6041596,0.0,0,0.0,616723262.7255244
UBS,Pertamina Persero PT,0.0,104166667.0,0.0,0.0,0.0,0,0.0,104166667.0
UBS,Shell PLC,0.0,0.0,750000000.0,388000000.0,0.0,0,0.0,1138000000.0
UBS,China Huadian Corp Ltd,438154768.32550776,0.0,244807099.58286253,36983433.43777198,45454545.0,0,0.0,765399846.3461423
UBS,China National Petroleum Corporation (CNPC),0.0,174336000.0,0.0,0.0,133333333.0,0,0.0,307669333.0
UBS,Adani Group,0.0,0.0,0.0,49809160.305343516,0.0,0,0.0,49809160.305343516
UBS,Petróleo Brasileiro SA – Petrobras,0.0,0.0,0.0,368484703.67723346,0.0,196939589.6196557,0.0,565424293.2968892
UBS,BHP Group Ltd,0.0,0.0,0.0,57500000.0,2857142.88,0,0.0,60357142.88
UBS,Petróleos Mexicanos (PEMEX),91615500.0,0.0,546316820.0,0.0,0.0,0,0.0,637932320.0
UBS,Evraz PLC,0.0,0.0,0.0,319469.0975300091,0.0,0,0.0,319469.0975300091
UBS,Repsol SA,0.0,0.0,0.0,0.0,133820188.01784576,0,0.0,133820188.01784576
UBS,Gazprom PJSC,277081515.35,0.0,189778897.89560935,0.0,0.0,136103750,0.0,602964163.2456094
UBS,TotalEnergies SE,0.0,0.0,97622633.54966089,191883623.92995542,0.0,0,0.0,289506257.4796163
UniCredit,Gazprom PJSC,502529056.7291713,169712701.61894816,359318304.018907,251956043.45878753,1028790000.0,115916000,0.0,2428222105.8258142
UniCredit,Glencore PLC,85627248.13840434,45843750.0,66119984.57588445,144015677.56220567,154693338.07504827,0,0.0,496299998.3515427
UniCredit,Repsol SA,0.0,0.0,0.0,92681667.0,123600262.21159974,88661015.77437858,0.0,304942944.9859783
UniCredit,TotalEnergies SE,400134000.0,0.0,118360000.0,0.0,382334333.9697838,0,0.0,900828333.9697838
US Bancorp,PPL Corp,0.0,0.0,0.0,81000000.0,95815322.11863962,0,582456773.0847352,759272095.2033747
US Bancorp,Occidental Petroleum Corp,236437246.96356273,0.0,0.0,0.0,0.0,0,0.0,236437246.96356273
Wells Fargo,ConocoPhillips,200000000.0,666666667.0,828571429.0,0.0,166666667.0,0,813636364.0,2675541127.0
Wells Fargo,Harbour Energy PLC,0.0,0.0,0.0,0.0,0.0,38461538,0.0,38461538.0
Wells Fargo,Chevron Corp,650525553.0,766666001.0,0.0,0.0,0.0,0,0.0,1417191554.0
Wells Fargo,Alliance Resource Partners LP,0.0,257020833.0,0.0,0.0,0.0,0,0.0,257020833.0
Wells Fargo,PPL Corp,440393696.44746685,51101505.38544866,81000000.0,457268171.88544863,67499999.73,419121806.1559293,0.0,1516385179.6042936
Wells Fargo,Shell PLC,0.0,0.0,0.0,388000000.0,1354590001.0,0,0.0,1742590001.0
Wells Fargo,Delek Group Ltd,0.0,0.0,0.0,0.0,0.0,78066207.828125,0.0,78066207.828125
Wells Fargo,Occidental Petroleum Corp,1159548888.8023555,333333333.0,1245000000.31,2157403619.197482,445000000.0,356000000,0.0,5696285841.309837
Westpac,Inpex Corp,0.0,455769230.0,0.0,0.0,0.0,0,66000000.0,521769230.0
Westpac,State Grid Corp of China,38999123.01571421,30464103.291088644,0.0,42734496.63799738,28838180.906553477,52474469.828515194,53849821.16569243,247360194.84556133
Westpac,BHP Group Ltd,0.0,0.0,0.0,57500000.0,2857142.88,0,0.0,60357142.88
Westpac,Indian Oil Corp Ltd,0.0,0.0,0.0,1019700000.0,0.0,0,0.0,1019700000.0
